,title,score,upvote-ratio,id,subreddit,url,num_comments,created,author,over18
0,The UK Right Now,1341,0.98,y64fy7,Memes_Of_The_Dank,https://i.redd.it/hqc2h4gfibu91.jpg,25,2022-10-17 12:54:26,Mysterious_Sport4339,False
1,Get Ou' Mah Swamp!,647,0.98,y5zifl,Memes_Of_The_Dank,https://i.redd.it/ysfbyp8t5au91.jpg,1,2022-10-17 08:22:38,doroteovilla,False
2,I just wanna remind you that I came by,173,0.96,y66q6z,Memes_Of_The_Dank,https://i.redd.it/1anrawon7cu91.png,2,2022-10-17 15:17:12,KeenlyNine,False
3,ever happen to you?,1267,0.97,y5o7n9,Memes_Of_The_Dank,https://i.redd.it/ue46ygbcp7u91.jpg,30,2022-10-17 00:05:55,Cozmo_Ares,False
4,KV-2,41,0.83,y6agzb,Memes_Of_The_Dank,https://i.redd.it/1g07m8ou4du91.jpg,4,2022-10-17 18:21:48,Fluid-Pie-4042,False
5,yoooo,39,0.9,y6b7rl,Memes_Of_The_Dank,https://i.redd.it/8cxsmtamadu91.jpg,0,2022-10-17 18:54:10,dlofu,False
6,Bring it on boysüëç,2267,0.96,y5i1b2,Memes_Of_The_Dank,https://i.redd.it/wh8pv313g6u91.jpg,263,2022-10-16 19:52:15,Amir_M9548,False
7,you don't give up matter,286,0.97,y5wjgn,Memes_Of_The_Dank,https://i.redd.it/b6xbzbueg9u91.png,12,2022-10-17 05:59:46,KeenlyNine,False
8,awwwwww fric,207,0.92,y5xdg2,Memes_Of_The_Dank,https://i.redd.it/cgdni3nan9u91.jpg,5,2022-10-17 06:38:52,VirusRu26,False
9,1 word difference,1457,0.97,y5hgw8,Memes_Of_The_Dank,https://i.redd.it/bar1lojmb6u91.jpg,27,2022-10-16 19:27:19,False-Drop1895,False
10,üëçüëçüëçüëé,13,0.93,y6egce,Memes_Of_The_Dank,https://i.redd.it/ztoimavpzdu91.jpg,5,2022-10-17 21:14:46,Amir_M9548,False
11,Peac,11,1.0,y6ee5j,Memes_Of_The_Dank,https://i.redd.it/rrjosbf9zdu91.jpg,0,2022-10-17 21:12:13,Microwavedgerbil101,False
12,Poor Van Gogh,4633,0.92,y5aq42,Memes_Of_The_Dank,https://i.redd.it/am53dlzcg4u91.jpg,214,2022-10-16 13:10:14,obamagaming14,False
13,Gross,10,0.86,y6edqf,Memes_Of_The_Dank,https://i.redd.it/3oi4lcp6zdu91.jpg,1,2022-10-17 21:11:46,Microwavedgerbil101,False
14,Yes,845,0.99,y5fw2u,Memes_Of_The_Dank,https://i.redd.it/vrqflbw8y5u91.jpg,10,2022-10-16 18:12:17,King_Skrub,False
15,Every damn time,280,0.97,y5nyni,Memes_Of_The_Dank,https://i.redd.it/mvdxv7ckn7u91.jpg,1,2022-10-16 23:55:56,wowitsreallyme926,False
16,It a meme,448,0.98,y5dtr6,Memes_Of_The_Dank,https://i.redd.it/h2iwkycud5u91.jpg,3,2022-10-16 16:17:55,Every-Gear-4659,False
17,poor muppet,116,0.92,y5lo6s,Memes_Of_The_Dank,https://i.redd.it/vn3w8r0z67u91.jpg,5,2022-10-16 22:23:18,Mysterious_Sport4339,False
18,moviemagic.jpg,7256,0.98,y4tvr8,Memes_Of_The_Dank,https://i.redd.it/009elyz7a0u91.jpg,45,2022-10-15 23:08:51,IcyFriendy,False
19,"funny enough, the guy was a chemist",54,0.77,y5ntgq,Memes_Of_The_Dank,https://i.redd.it/t6erq05km7u91.jpg,8,2022-10-16 23:50:21,spaceboy6171,False
20,modern problems requires modern solutions,275,0.99,y5bonj,Memes_Of_The_Dank,https://i.redd.it/98ffgd5zq4u91.png,1,2022-10-16 14:10:01,terriblymeltedlayout,False
21,just smile and wave,1047,0.99,y51p3o,Memes_Of_The_Dank,https://i.redd.it/dsail1qvz1u91.png,12,2022-10-16 04:54:30,delightfulmango701,False
22,aw hell nah what the splungblob and quidwarsh doing,45,0.9,y5g4qj,Memes_Of_The_Dank,https://i.redd.it/lf4osxef06u91.png,2,2022-10-16 18:24:30,TackyTrainerYT,True
23,i hope she becomes like her mommy,580,0.99,y4zzu3,Memes_Of_The_Dank,https://i.redd.it/klpsfdztl1u91.jpg,4,2022-10-16 03:35:34,LimpEffective2,False
24,better yet in the same teams meeting,302,0.99,y537yu,Memes_Of_The_Dank,https://i.redd.it/2md4z032d2u91.png,1,2022-10-16 06:09:40,terriblymeltedlayout,False
25,Just some facts,1477,0.99,y4qvcy,Memes_Of_The_Dank,https://i.redd.it/ag6dxkshnzt91.jpg,8,2022-10-15 21:01:22,Amir_M9548,False
26,üëç,2064,0.95,y4nqg7,Memes_Of_The_Dank,https://i.redd.it/8bdkfstczyt91.jpg,86,2022-10-15 18:46:15,False-Drop1895,False
27,ikea's Instructions on b√Øll√•o,17,0.88,y5bum7,Memes_Of_The_Dank,https://i.redd.it/biuv7d6us4u91.jpg,0,2022-10-16 14:20:12,lara22375,False
28,Do the same. I trust all you gigachads.,114,0.96,y4uax1,Memes_Of_The_Dank,https://i.redd.it/13n8an6hd0u91.jpg,5,2022-10-15 23:27:01,Dramatic-Race-2096,False
29,I have too much spare time on my hands,246,0.96,y4m4fx,Memes_Of_The_Dank,https://i.redd.it/i5ebnfsslyt91.jpg,3,2022-10-15 17:30:02,Comfortable_Stay_861,False
30,Somebody say peace was never an option,4032,0.99,y464bj,Memes_Of_The_Dank,https://i.redd.it/qvponxkscut91.jpg,75,2022-10-15 03:12:28,justNOV,False
31,Modern problems need modern solutions,5651,0.97,y3v6rc,Memes_Of_The_Dank,https://i.redd.it/pcnfkip85st91.png,40,2022-10-14 19:47:38,BluebirdIcy7639,False
32,no comment‚Ä¶ ( Ôø£„Éº Ôø£),16,0.74,y4xbqs,Memes_Of_The_Dank,https://i.redd.it/b2k5ksvt01u91.jpg,4,2022-10-16 01:38:01,Amazing-Buyer-7496,False
33,These are the things I think about for no reason üòÖ,3,0.6,y54vla,Memes_Of_The_Dank,https://i.redd.it/2cyctiods2u91.jpg,1,2022-10-16 07:34:01,SLU2GR,False
34,ppl really out here cancelling this? for what!?,5,0.63,y4zrii,Memes_Of_The_Dank,https://i.redd.it/plr11st1k1u91.jpg,5,2022-10-16 03:25:35,TackyTrainerYT,False
35,Rock,201,0.94,y42osr,Memes_Of_The_Dank,https://i.redd.it/l08f0n12ntt91.png,20,2022-10-15 00:48:40,StyleOphile,False
36,A vase only a mother would love,40,0.81,y4dojj,Memes_Of_The_Dank,https://i.redd.it/ylg79u9k5wt91.jpg,4,2022-10-15 09:15:30,fuzztone78,False
37,parmesan,1947,0.98,y3mfwq,Memes_Of_The_Dank,https://i.redd.it/brggyq4pwpt91.jpg,30,2022-10-14 12:15:06,SignificanceMoney739,False
38,"You've heard of Heisenburger, now get ready for...",147,0.96,y42c3w,Memes_Of_The_Dank,https://i.redd.it/bgbc0kkektt91.png,2,2022-10-15 00:33:34,False-Drop1895,False
39,The spirit's toughest opponent yet!,43,0.88,y47xpd,Memes_Of_The_Dank,https://i.redd.it/w16ht4pjqut91.png,1,2022-10-15 04:30:03,ShadyCats,False
40,no context. bottom text.,0,0.36,y5475g,Memes_Of_The_Dank,https://i.redd.it/14fyty47m2u91.jpg,0,2022-10-16 06:59:22,Puzzleheaded-Bus6253,False
41,He watches.,316,0.97,y3qtl5,Memes_Of_The_Dank,https://i.redd.it/g3f6ih1j6rt91.jpg,11,2022-10-14 16:31:57,Lolgamer1177,False
42,credit card declines,154,0.95,y3w90s,Memes_Of_The_Dank,https://i.redd.it/jlxwny6ycst91.jpg,1,2022-10-14 20:29:46,False-Drop1895,False
43,That's what it means üòâüòà,115,0.98,y3xhtb,Memes_Of_The_Dank,https://i.redd.it/928pctljlst91.jpg,0,2022-10-14 21:17:58,Ordinary_Character47,False
44,Shut up about the thumbs ups emoji already‚Ä¶,124,0.93,y3uqjc,Memes_Of_The_Dank,https://i.redd.it/38zmkxo72st91.jpg,11,2022-10-14 19:29:42,thefifthorders,False
45,can anyone else relate?,45,0.87,y421x8,Memes_Of_The_Dank,https://i.redd.it/xn490yugitt91.jpg,6,2022-10-15 00:22:28,lig_ma__69,False
46,death being a homie though,7,0.71,y49ojk,Memes_Of_The_Dank,https://i.redd.it/rx2n5ny25vt91.png,1,2022-10-15 05:51:42,TackyTrainerYT,False
47,üëç,2876,0.92,y32e7b,Memes_Of_The_Dank,https://i.redd.it/z1lksy2wilt91.jpg,381,2022-10-13 21:30:36,Izb073,False
48,Cancel culture is getting out of hand,2181,0.93,y33lzp,Memes_Of_The_Dank,https://i.redd.it/wwgl4qburlt91.jpg,193,2022-10-13 22:20:44,OneCheekWonder55,False
49,quicksaving,800,0.98,y3b15k,Memes_Of_The_Dank,https://i.redd.it/93hopg5u7nt91.gif,4,2022-10-14 03:12:11,False-Drop1895,False
50,just when I thought the show couldn't get worse,328,0.96,y3gvh8,Memes_Of_The_Dank,https://i.redd.it/8mo6anolhot91.jpg,53,2022-10-14 07:28:53,MCSoutbreak,False
51,Discord usersüíÄ,15,0.8,y40y5h,Memes_Of_The_Dank,https://i.redd.it/j9jow3ebatt91.jpg,4,2022-10-14 23:36:49,obamagaming14,False
52,final boss at 20 years old,3439,0.96,y2v8fb,Memes_Of_The_Dank,https://i.redd.it/djsq1riuvjt91.png,93,2022-10-13 16:00:22,Excellent-Success-35,False
53,who is with me?,7,0.59,y43clc,Memes_Of_The_Dank,https://i.redd.it/ki7m5ze3stt91.jpg,4,2022-10-15 01:16:52,realoximathtwtch,False
54,I wonder what they will learn ü§î,86,0.92,y3jh9m,Memes_Of_The_Dank,https://i.redd.it/y3uy46vz3pt91.jpg,3,2022-10-14 09:34:12,twibbi,False
55,"Dear Flag9801, which one are you really?",26,0.76,y3prrv,Memes_Of_The_Dank,https://i.redd.it/je4juqh6wqt91.jpg,8,2022-10-14 15:33:57,Exciting_Shelter_599,False
56,Literally true,402,1.0,y34xqc,Memes_Of_The_Dank,https://i.redd.it/w799wn8f1mt91.jpg,3,2022-10-13 23:14:27,omarashead,False
57,horrible,3090,0.99,y2l47c,Memes_Of_The_Dank,https://i.redd.it/ip2j0h4r2ht91.jpg,31,2022-10-13 06:32:58,Gorb_Fish,False
58,equality,606,0.88,y2tgdd,Memes_Of_The_Dank,https://i.redd.it/2ml94h4gcjt91.jpg,23,2022-10-13 14:10:56,_ted_bundy_,False
59,Don‚Äôt do it,62,0.92,y36ja8,Memes_Of_The_Dank,https://i.redd.it/x3g8exqvcmt91.jpg,12,2022-10-14 00:18:43,Administrative_Dust4,False
60,Nobody: Literally every English teacher:,115,0.97,y30lvt,Memes_Of_The_Dank,https://i.redd.it/yeggbfzp5lt91.jpg,4,2022-10-13 20:16:49,Administrative_Dust4,False
61,My days,110,0.98,y314qy,Memes_Of_The_Dank,https://i.redd.it/pwlo63sg9lt91.jpg,13,2022-10-13 20:38:34,UhhhTF,False
62,true? (oc),31,0.87,y3a4dr,Memes_Of_The_Dank,https://i.redd.it/0najhqoh1nt91.jpg,0,2022-10-14 02:36:52,OtterNog,False
63,Black Male,161,0.96,y2x5cv,Memes_Of_The_Dank,https://i.redd.it/ya0m4pseekt91.jpg,1,2022-10-13 17:43:41,Dependent_General418,False
64,"""dear dad..I worte you but you still ain't callin""",186,0.96,y2rj00,Memes_Of_The_Dank,https://i.redd.it/hflv0f2fqit91.png,6,2022-10-13 12:07:25,Potential-Answer-565,False
65,Where do you draw the line?,4530,0.97,y24qf0,Memes_Of_The_Dank,https://i.redd.it/50ut2j1isdt91.jpg,107,2022-10-12 19:30:10,__her,False
66,Great Conversation with real babe Reya,1368,0.99,y2c1x1,Memes_Of_The_Dank,https://i.redd.it/klhs87rb8ft91.jpg,17,2022-10-13 00:20:41,Far_Slice_4581,False
67,it's a trap,30,0.83,y31asq,Memes_Of_The_Dank,https://i.redd.it/v5xurlktalt91.jpg,5,2022-10-13 20:45:26,Salt-Poet4432,False
68,just imagine,126,0.92,y2rs3g,Memes_Of_The_Dank,https://i.redd.it/hknjlyvatit91.jpg,4,2022-10-13 12:23:34,Salt-Poet4432,False
69,Big brain,23,0.88,y31hps,Memes_Of_The_Dank,https://i.redd.it/wybesys9clt91.jpg,2,2022-10-13 20:53:27,Salt-Poet4432,False
70,Tickets please,26,0.87,y2ymhf,Memes_Of_The_Dank,https://i.redd.it/dpidduukqkt91.jpg,0,2022-10-13 18:51:52,AFlockOfBGulls,False
71,You can't handle the truth!,484,0.81,y2fuo9,Memes_Of_The_Dank,https://i.redd.it/ipuezt2vyft91.jpg,176,2022-10-13 02:49:26,Automatic_Bank7996,False
72,I think he's innocent,246,0.97,y2kikq,Memes_Of_The_Dank,https://i.redd.it/8su9mndwxgt91.jpg,15,2022-10-13 06:05:46,SethRodriguez223s,False
73,Have title bad no effort good,375,0.98,y2fnlj,Memes_Of_The_Dank,https://i.redd.it/xdmxaspcxft91.jpg,2,2022-10-13 02:41:55,bangkokpi,False
74,Always wear your seat belt,166,0.95,y2k7al,Memes_Of_The_Dank,https://i.redd.it/cs5h2ckevgt91.jpg,3,2022-10-13 05:51:47,Flat_Ad_8560,False
75,Pink,3,0.57,y35kvm,Memes_Of_The_Dank,https://i.redd.it/tq2w5cvz5mt91.png,1,2022-10-13 23:40:26,ElderberryOk1109,False
76,Reality... is often disappointing.,67,0.97,y2ois8,Memes_Of_The_Dank,https://i.redd.it/nrqjvkw5wht91.jpg,0,2022-10-13 09:18:02,Every-Gear-4659,False
77,You got the goods?,5523,0.97,y1uc6z,Memes_Of_The_Dank,https://i.redd.it/eoeynrdv0bt91.jpg,51,2022-10-12 10:11:47,meez_UwU,False
78,Iran am I right?,654,0.97,y258y1,Memes_Of_The_Dank,https://i.redd.it/13kkf1r8wdt91.jpg,10,2022-10-12 19:51:16,Automatic_Bank7996,False
79,that eyes lol,93,0.99,y2joar,Memes_Of_The_Dank,https://i.redd.it/liziiyk8rgt91.jpg,1,2022-10-13 05:28:27,Calm-Trainer3825,False
80,New doritios coming out what's your thoughts,82,0.95,y2kjo7,Memes_Of_The_Dank,https://i.redd.it/mn6j01i5ygt91.jpg,1,2022-10-13 06:07:12,SethRodriguez223s,False
81,Hell no,904,0.94,y20417,Memes_Of_The_Dank,https://i.redd.it/xt8q3yiyoct91.jpg,14,2022-10-12 15:48:35,Anissa_Jolie,False
82,Legend,393,0.97,y24mk6,Memes_Of_The_Dank,https://i.redd.it/d7rojb4krdt91.jpg,2,2022-10-12 19:25:28,Anissa_Jolie,False
83,New Call of Duty mission looking fire,3,1.0,y32le2,Memes_Of_The_Dank,https://i.redd.it/0hwrnz53klt91.png,0,2022-10-13 21:38:29,Artyom-Anime-Gopnik,False
84,Two and a Half Men,32,0.87,y2nxcm,Memes_Of_The_Dank,https://i.redd.it/iec999bqqht91.png,3,2022-10-13 08:47:22,TackyTrainerYT,False
85,Is this a good me tell me,0,0.46,y3ay83,Memes_Of_The_Dank,https://i.redd.it/4lf0oqg97nt91.jpg,0,2022-10-14 03:09:02,Cod_clips097,False
86,don't touch,3276,0.99,y1r3ox,Memes_Of_The_Dank,https://i.redd.it/ty99r46b8at91.jpg,65,2022-10-12 07:31:39,crashandbland,False
87,No more cancer patient,98,0.98,y2ehva,Memes_Of_The_Dank,https://i.redd.it/z9p6uu0epft91.jpg,2,2022-10-13 01:56:17,Administrative_Dust4,False
88,Dammit,40,0.85,y2gtwg,Memes_Of_The_Dank,https://i.redd.it/ivv7hb0s5gt91.jpg,2,2022-10-13 03:28:08,fuzztone78,False
89,Here you go,76,0.91,y27mki,Memes_Of_The_Dank,https://i.redd.it/7d8zeaw9det91.jpg,2,2022-10-12 21:26:36,Administrative_Dust4,False
90,Gangstah way of storing files,204,1.0,y1zpx3,Memes_Of_The_Dank,https://i.redd.it/vx0c5nfwkct91.png,14,2022-10-12 15:26:24,Znakyv,False
91,Anybody get this?,16,0.85,y2fttr,Memes_Of_The_Dank,https://i.redd.it/udj58gjnyft91.jpg,4,2022-10-13 02:48:32,Zakiboiii321,False
92,R.I.P Shaggy,3974,0.93,y18cxq,Memes_Of_The_Dank,https://i.redd.it/odkzzhpvb6t91.jpg,200,2022-10-11 18:24:53,Powerful_Island9615,False
93,"""He CaN't Be MaRiO"" -ü§ìüíª",224,0.96,y1sctj,Memes_Of_The_Dank,https://i.redd.it/4swk3qc2jat91.jpg,13,2022-10-12 08:31:59,KingUndead0149,False
94,Save some for the rest of us,10,0.78,y27nzp,Memes_Of_The_Dank,https://i.redd.it/81b1hx7kdet91.jpg,0,2022-10-12 21:28:12,coryofmordor,False
95,Saying your OLD but not actually saying it!,3962,0.97,y11qg8,Memes_Of_The_Dank,https://i.redd.it/6lxzf7crf4t91.jpg,61,2022-10-11 12:03:32,MjWebasa,False
96,pana junior üëç,6,0.8,y2ap5d,Memes_Of_The_Dank,https://i.redd.it/acnruylryet91.jpg,0,2022-10-12 23:27:04,civil_war_6303,False
97,"if you ain't first, you're last",1421,0.98,y15s8l,Memes_Of_The_Dank,https://i.redd.it/1ojv7jpfo5t91.png,14,2022-10-11 16:13:10,Potential-Answer-565,False
98,putin's new crimea bridge desk. haha,153,0.94,y1kxgf,Memes_Of_The_Dank,https://i.redd.it/5p4ayki7v8t91.jpg,1,2022-10-12 02:56:26,Icy-Pin-4917,False
99,Caption this,12,0.78,y213me,Memes_Of_The_Dank,https://i.redd.it/galchp4pyct91.jpg,3,2022-10-12 16:43:07,Safe-Excitement2929,False
100,I like dinosaurs ü¶ñ,71,0.92,y1notk,Memes_Of_The_Dank,https://i.redd.it/4dphrl86g9t91.jpg,0,2022-10-12 04:53:57,Anissa_Jolie,False
101,Knock knock Vlad ;),36,0.79,y1s8gs,Memes_Of_The_Dank,https://i.redd.it/ao0lkhl1iat91.jpg,6,2022-10-12 08:26:13,KingUndead0149,False
102,#felizdia...,0,0.5,y2gakb,Memes_Of_The_Dank,https://i.redd.it/2lexk5nx1gt91.jpg,0,2022-10-13 03:06:37,alequisguimaraes,False
103,Foam pit...,77,0.97,y1kbh2,Memes_Of_The_Dank,https://i.redd.it/z26u0losq8t91.jpg,0,2022-10-12 02:31:44,Amir_M9548,False
104,Do you other redditers get this?,36,0.93,y1onfq,Memes_Of_The_Dank,https://i.redd.it/pfy2l42on9t91.jpg,4,2022-10-12 05:37:04,Zakiboiii321,False
105,You'll never catch me hahahaha,45,0.96,y1md5j,Memes_Of_The_Dank,https://i.redd.it/w7s8nrur59t91.jpg,1,2022-10-12 03:55:43,Tiny-Blacksmith6570,False
106,Bob,87,0.97,y1g1eu,Memes_Of_The_Dank,https://i.redd.it/isl2werfw7t91.jpg,0,2022-10-11 23:41:32,zorbig123,False
107,"So, a financially relatable meme, we meet again.",14,0.9,y1s91g,Memes_Of_The_Dank,https://i.redd.it/91qdocpzhat91.jpg,1,2022-10-12 08:27:02,Zakiboiii321,False
108,Yup! the CAN haha,566,0.97,y11wh2,Memes_Of_The_Dank,https://i.redd.it/jf7ti8lph4t91.jpg,7,2022-10-11 12:13:52,leadevit,False
109,let the battle begin,8,0.68,y1v9zs,Memes_Of_The_Dank,https://i.redd.it/s3y360vv9bt91.jpg,5,2022-10-12 11:02:15,Tiny-Blacksmith6570,False
110,Relatable! :(,28,0.89,y1mbed,Memes_Of_The_Dank,https://i.redd.it/n6vwgz1c59t91.jpg,0,2022-10-12 03:53:44,Zakiboiii321,False
111,Do any school children agree?,11,0.79,y1s3ak,Memes_Of_The_Dank,https://i.redd.it/vxphhs6rgat91.jpg,1,2022-10-12 08:19:25,Zakiboiii321,False
112,It's not Christmas yet!,53,1.0,y1fzut,Memes_Of_The_Dank,https://i.redd.it/qfn6y040w7t91.png,3,2022-10-11 23:39:51,MyTea43,False
113,üåöüåö,1435,0.97,y0ug8w,Memes_Of_The_Dank,https://i.redd.it/ft7mcr1sk2t91.jpg,22,2022-10-11 05:47:27,Soggy-Ad7563,False
114,All my homies hate Arnold,240,0.98,y14v5y,Memes_Of_The_Dank,https://i.redd.it/qse0plv0f5t91.jpg,2,2022-10-11 15:20:22,Danky1302,False
115,Here‚Äôs my review,913,0.95,y0wnfe,Memes_Of_The_Dank,https://i.redd.it/kaxc2t8733t91.jpg,33,2022-10-11 07:30:32,Bromanzier-21,False
116,:(,233,0.96,y14dgn,Memes_Of_The_Dank,https://i.redd.it/w9ae3oim95t91.jpg,3,2022-10-11 14:50:12,Anissa_Jolie,False
117,Dog,7,0.82,y1tesh,Memes_Of_The_Dank,https://i.redd.it/uasixclcsat91.jpg,3,2022-10-12 09:23:58,Deimos_YT192718,False
118,Im tired of seeing Pete Davidson everywhere,174,0.97,y14c7y,Memes_Of_The_Dank,https://i.redd.it/tpbvoj8395t91.gif,9,2022-10-11 14:48:02,Zaki_Xas2003,False
119,I‚Äôm dead ü§£üíÄ,3917,0.98,y0hsie,Memes_Of_The_Dank,https://i.redd.it/omaevaclzzs91.jpg,31,2022-10-10 21:05:01,that_dapper_guy_25,False
120,What childhood arguments are like,8,0.83,y1nmko,Memes_Of_The_Dank,https://i.redd.it/rgy9ckflf9t91.jpg,0,2022-10-12 04:51:05,Zakiboiii321,False
121,Google,19,0.84,y1fsd5,Memes_Of_The_Dank,https://i.redd.it/g9p2ehhnu7t91.jpg,1,2022-10-11 23:31:32,zorbig123,False
122,üòÜ,18,0.92,y1g1si,Memes_Of_The_Dank,https://i.redd.it/7pgv9oliw7t91.jpg,0,2022-10-11 23:42:00,zorbig123,False
123,Not really NSFW but it sure looks like it,8,0.79,y1mb5l,Memes_Of_The_Dank,https://i.redd.it/jwnwsa3d59t91.jpg,6,2022-10-12 03:53:27,Tiny-Blacksmith6570,True
124,.,64,0.98,y14qlg,Memes_Of_The_Dank,https://i.redd.it/cm7j6ujid5t91.jpg,3,2022-10-11 15:12:23,Zaki_Xas2003,False
125,Me in a nutshell,5,0.69,y1m5zg,Memes_Of_The_Dank,https://i.redd.it/zgp3nqe849t91.jpg,0,2022-10-12 03:47:24,Zakiboiii321,False
126,so true,175,0.98,y0wal3,Memes_Of_The_Dank,https://i.redd.it/0pu7api803t91.jpg,0,2022-10-11 07:13:56,Gorb_Fish,False
127,The early days,29,0.84,y162zk,Memes_Of_The_Dank,https://i.redd.it/pmu57vcgr5t91.jpg,0,2022-10-11 16:30:04,KirbsRok,False
128,How coders react to a bug‚Ä¶,330,0.98,y0qkm6,Memes_Of_The_Dank,https://i.redd.it/pphjsgt6q1t91.jpg,10,2022-10-11 02:56:11,Zakiboiii321,False
129,Anyone else? üíÄü§£üò≠,2085,0.99,y0cd6v,Memes_Of_The_Dank,https://i.redd.it/37j3vcdyrys91.jpg,5,2022-10-10 17:00:23,Hot_Original2140,False
130,I have reached greatness,19,0.72,y15pxx,Memes_Of_The_Dank,https://i.redd.it/58hvef3tn5t91.jpg,6,2022-10-11 16:09:38,SlickNickThaRuler,False
131,Memes_Of_The_Dank,0,0.4,y1zb3a,Memes_Of_The_Dank,https://i.redd.it/1rlq4golgct91.gif,1,2022-10-12 15:01:43,lauronq,False
132,uno,176,0.98,y0rasy,Memes_Of_The_Dank,https://i.redd.it/n90iy2hlv1t91.jpg,0,2022-10-11 03:26:09,Gorb_Fish,False
133,üêà,102,0.98,y0ul39,Memes_Of_The_Dank,https://i.redd.it/tiegqdhul2t91.jpg,1,2022-10-11 05:53:43,HumongousHands,False
134,Describe hitler -_- !no hate!,38,0.87,y109gc,Memes_Of_The_Dank,https://i.redd.it/i9xbzyd804t91.png,0,2022-10-11 10:36:04,BalakKRIDAY,False
135,Well now i'm terrified,1159,0.99,y09fpj,Memes_Of_The_Dank,https://i.redd.it/f2zsqf0dwxs91.jpg,10,2022-10-10 14:04:16,SirMemesALot21,False
136,Hope he sleeps well tonight,106,0.97,y0q7j6,Memes_Of_The_Dank,https://i.redd.it/xn0zs30mn1t91.jpg,4,2022-10-11 02:41:30,Anissa_Jolie,False
137,WHAT. A. TRANSFORMATION!!!,36,0.84,y0xr6s,Memes_Of_The_Dank,https://i.redd.it/hn2o6nhqc3t91.jpg,1,2022-10-11 08:24:35,Zakiboiii321,False
138,Jail time guaranteed! Call her today to find out how long she can get you free housing!,157,0.97,y0kd3d,Memes_Of_The_Dank,https://i.redd.it/nflgpfdvh0t91.jpg,8,2022-10-10 22:47:27,that_dapper_guy_25,False
139,Where‚Äôs Heisenberger?,74,0.95,y0pjyc,Memes_Of_The_Dank,https://i.redd.it/0ao92srxi1t91.jpg,0,2022-10-11 02:15:11,Familiar-Algae-3608,False
140,*chuckles* I'm in danger,46,0.92,y0sys4,Memes_Of_The_Dank,https://i.redd.it/xbgfjuuh82t91.jpg,2,2022-10-11 04:38:35,Tiny-Blacksmith6570,False
141,(Chuckles) I'm in danger,198,0.98,y0gp56,Memes_Of_The_Dank,https://i.redd.it/7b85czgfrzs91.jpg,3,2022-10-10 20:20:21,Resident_Upstairs_28,False
142,What is it then????,205,1.0,y0fnf3,Memes_Of_The_Dank,https://i.redd.it/msn2d9bhjzs91.gif,7,2022-10-10 19:35:07,AG145923078,False
143,lol,537,0.96,y09ema,Memes_Of_The_Dank,https://i.redd.it/4dwuzhx3wxs91.png,11,2022-10-10 14:02:14,Turbulent_Fig2970,False
144,This is 100% true,16,0.79,y0xlv8,Memes_Of_The_Dank,https://i.redd.it/xqrvkvhcb3t91.jpg,1,2022-10-11 08:17:02,Zakiboiii321,False
145,Literally what Russian Reddit users have to go through,15,0.77,y0xhwe,Memes_Of_The_Dank,https://i.redd.it/2dsd33yca3t91.jpg,3,2022-10-11 08:11:30,Zakiboiii321,False
146,when you have to post before going to the hospital,22,0.91,y0uffr,Memes_Of_The_Dank,https://i.redd.it/binyltvlk2t91.jpg,1,2022-10-11 05:46:21,stabbywallrus,False
147,Minecraft Village Finance b like‚Ä¶,31,0.95,y0rylr,Memes_Of_The_Dank,https://i.redd.it/lam1ro4g02t91.jpg,0,2022-10-11 03:54:19,Zakiboiii321,False
148,Gamers be like ü§£,14,0.85,y0wyqz,Memes_Of_The_Dank,https://i.redd.it/zgcikh2t53t91.jpg,1,2022-10-11 07:45:42,Zakiboiii321,False
149,Wtf,2366,0.99,xzy024,Memes_Of_The_Dank,https://i.redd.it/du2abq6iuus91.jpg,20,2022-10-10 03:48:24,13vibes,False
150,Since The Beginning,5034,0.98,xzrrtq,Memes_Of_The_Dank,https://i.redd.it/vzxhflzijts91.jpg,139,2022-10-09 23:24:14,-TheADMIRAL,False
151,They are so dramatic,48,0.95,y0hwdd,Memes_Of_The_Dank,https://i.redd.it/f7a78rdd00t91.jpg,1,2022-10-10 21:09:26,XGAMERLMAO,False
152,get that hangover going,286,0.99,y06gka,Memes_Of_The_Dank,https://i.redd.it/0wpvy2ozyws91.jpg,1,2022-10-10 10:56:15,Tiny-Blacksmith6570,False
153,Memes_Of_The_Dank,25,0.81,y0ka8t,Memes_Of_The_Dank,https://i.redd.it/7clvba2bh0t91.gif,1,2022-10-10 22:44:18,lauronq,False
154,Shaggy noooo!!,3515,0.93,xzocq7,Memes_Of_The_Dank,https://i.redd.it/dmd8wm4dtss91.jpg,343,2022-10-09 20:57:37,XGAMERLMAO,False
155,This happens everytime,91,0.97,y0axdk,Memes_Of_The_Dank,https://i.redd.it/ogokaq0idys91.jpg,0,2022-10-10 15:39:22,Anissa_Jolie,False
156,Give it a name ____,103,0.88,y0a5lt,Memes_Of_The_Dank,https://i.redd.it/wsp43kgv4ys91.jpg,35,2022-10-10 14:51:02,Mediocre_Astronaut58,False
157,"not today, not ever",201,0.98,y06rya,Memes_Of_The_Dank,https://i.redd.it/v7ldq7fb2xs91.gif,3,2022-10-10 11:14:58,Tiny-Blacksmith6570,False
158,That‚Äôs a massive bruh moment,47,0.94,y0emm1,Memes_Of_The_Dank,https://i.redd.it/9sbzxnmdbzs91.jpg,2,2022-10-10 18:49:15,Shamoodle-Official,False
159,Dream be like,16,0.7,y0mdvw,Memes_Of_The_Dank,https://i.redd.it/is8phyg7w0t91.gif,0,2022-10-11 00:07:48,Person_on_reddit473,False
160,No cavity lollipop,88,0.88,y08ivy,Memes_Of_The_Dank,https://i.redd.it/wqu7tx0llxs91.png,11,2022-10-10 13:03:46,K1nk__,False
161,Changes,82,0.9,y08t2n,Memes_Of_The_Dank,https://i.redd.it/s0y4rwp1pxs91.gif,3,2022-10-10 13:23:00,MERMANADE,False
162,Woof Woof Bluhhh,239,0.93,y02ssc,Memes_Of_The_Dank,https://i.redd.it/limsauw80ws91.jpg,5,2022-10-10 07:41:32,Spiritual-Pear6393,False
163,this will replace the turducken,114,0.93,y06x0x,Memes_Of_The_Dank,https://i.redd.it/8bk57fiu3xs91.jpg,5,2022-10-10 11:23:31,Tiny-Blacksmith6570,False
164,"¬°s,apnu puas",808,0.97,xzqyem,Memes_Of_The_Dank,https://i.redd.it/sslp6kebdts91.jpg,15,2022-10-09 22:49:28,FamiliarTale61,False
165,Couch Co-op,1463,0.99,xzm1o0,Memes_Of_The_Dank,https://i.redd.it/go15zzl3bss91.png,6,2022-10-09 19:15:18,blanketshield,False
166,Fools!,153,0.96,y02j37,Memes_Of_The_Dank,https://i.redd.it/zaay00juxvs91.jpg,8,2022-10-10 07:28:04,Droobot33,False
167,New format?,38,0.84,y09ple,Memes_Of_The_Dank,https://i.redd.it/trvb6ydnzxs91.png,2,2022-10-10 14:22:32,Apocaliptite_6969,False
168,the phone turns into a sword,64,0.93,y06yna,Memes_Of_The_Dank,https://i.redd.it/19m7lb2c4xs91.jpg,0,2022-10-10 11:26:13,Tiny-Blacksmith6570,False
169,Siuls of your enemies,36,0.8,y09y4k,Memes_Of_The_Dank,https://i.redd.it/c6jhwkbh2ys91.jpg,2,2022-10-10 14:37:36,Jalmar10kalmari,False
170,I think I can read Arabic... 'go f yourself',38,0.88,y08nz7,Memes_Of_The_Dank,https://i.redd.it/sef098kymxs91.png,2,2022-10-10 13:13:12,K1nk__,False
171,LOL,261,0.99,xzvy98,Memes_Of_The_Dank,https://i.redd.it/a83uizrueus91.png,5,2022-10-10 02:20:13,Yprogames,False
172,Takbir,46,0.89,y07gdp,Memes_Of_The_Dank,https://i.redd.it/ru0v9yi6rys91.jpg,0,2022-10-10 11:56:04,soldcatgotajeep,False
173,Elmo Nooooo,75,0.93,y02w40,Memes_Of_The_Dank,https://i.redd.it/nb2i5lr31ws91.jpg,0,2022-10-10 07:46:19,Vennith_Astraea,False
174,When you realize,33,0.87,y07yr0,Memes_Of_The_Dank,https://i.redd.it/zwaxy5ndfxs91.jpg,0,2022-10-10 12:28:07,Hemo-mz,False
175,Giga doot doot,849,0.98,xzj2j7,Memes_Of_The_Dank,https://i.redd.it/4rq47hwsjrs91.jpg,2,2022-10-09 16:42:14,Jalmar10kalmari,False
176,‚Äúexcuse me sir‚Äù ü§ì,264,0.93,xzq9nu,Memes_Of_The_Dank,https://i.redd.it/uhs9sx318ts91.jpg,5,2022-10-09 22:19:55,Gorb_Fish,False
177,What it‚Äôs like to be an American baby,33,0.77,y03j3o,Memes_Of_The_Dank,https://i.redd.it/tjlplwvv6ws91.jpg,2,2022-10-10 08:18:49,Zakiboiii321,False
178,Works perfect,300,0.98,xznnt9,Memes_Of_The_Dank,https://i.redd.it/8axva102oss91.jpg,4,2022-10-09 20:27:54,Anissa_Jolie,False
179,Now I am older and nothing changed,91,0.93,xzwaw5,Memes_Of_The_Dank,https://i.redd.it/x7w9zq5khus91.jpg,2,2022-10-10 02:35:01,Anissa_Jolie,False
180,Stay heisendrated,81,0.94,xzwoxg,Memes_Of_The_Dank,https://i.redd.it/nbiutfkkkus91.jpg,0,2022-10-10 02:51:52,Gorb_Fish,False
181,This always happens,4923,0.98,xz46j3,Memes_Of_The_Dank,https://i.redd.it/d37pgwr8hns91.jpg,43,2022-10-09 03:00:45,SmallForce9719,False
182,Chanson de l'Oignon hits hard ngl,206,0.99,xzlg57,Memes_Of_The_Dank,https://i.redd.it/a8ysvmlu5ss91.jpg,2,2022-10-09 18:47:08,Prokerboss_,False
183,wise capybara,11,0.7,y05132,Memes_Of_The_Dank,https://i.redd.it/5ucydmlxkws91.jpg,0,2022-10-10 09:37:29,Secre_6666,False
184,it‚Äôs a me,45,0.87,xztziw,Memes_Of_The_Dank,https://i.redd.it/jcfr8qf10us91.jpg,5,2022-10-10 00:56:48,Gorb_Fish,False
185,AMONG US SMASH OR PASS ?,2,0.55,y09gxq,Memes_Of_The_Dank,https://i.redd.it/j2lnlnptwxs91.png,1,2022-10-10 14:06:29,Turbulent_Fig2970,False
186,The Rock after 3 shots of toquilla...,6,0.75,y06egy,Memes_Of_The_Dank,https://i.redd.it/u2wbqsh5yws91.png,1,2022-10-10 10:52:55,K1nk__,False
187,:),49,0.88,xzmx36,Memes_Of_The_Dank,https://i.redd.it/qd48qgvxhss91.jpg,0,2022-10-09 19:54:01,mr_duck_69,False
188,all of us xD,241,0.97,xzd0pl,Memes_Of_The_Dank,https://i.redd.it/bazru3zepps91.jpg,6,2022-10-09 10:30:30,Hana_fahmy,False
189,What have this world become...,13,0.93,xzvhqa,Memes_Of_The_Dank,https://i.redd.it/a80pptyabus91.jpg,0,2022-10-10 02:00:31,SWTtwist,False
190,midget spinner,45,0.93,xzl740,Memes_Of_The_Dank,https://i.redd.it/shojov0u3ss91.jpg,3,2022-10-09 18:34:53,iParasite33,False
191,Actually epic,54,0.92,xzj78u,Memes_Of_The_Dank,https://i.redd.it/23nwckm4lrs91.gif,2,2022-10-09 16:49:40,Jalmar10kalmari,False
192,i wonder who did that XD,40,0.88,xzjc2i,Memes_Of_The_Dank,https://i.redd.it/ci8mxzzamrs91.png,0,2022-10-09 16:56:53,Ezzedo,False
193,Conversation king,8086,0.97,xynrlk,Memes_Of_The_Dank,https://i.redd.it/9y2agvrjpjs91.png,69,2022-10-08 14:21:02,K1nk__,False
194,Taxation without representation,715,0.98,xz22d4,Memes_Of_The_Dank,https://i.redd.it/1tkuaiz21ns91.jpg,22,2022-10-09 01:30:11,Spiritual-Pear6393,False
195,Why do we have to fight about it?,79,0.93,xzeufj,Memes_Of_The_Dank,https://i.redd.it/r6jsj7549qs91.jpg,1,2022-10-09 12:20:32,skull_in_a_suit,False
196,I‚Äôm just gonna sit here and try to ignore it,77,0.94,xzevzw,Memes_Of_The_Dank,https://i.redd.it/0q3ju9wk9qs91.jpg,2,2022-10-09 12:23:12,skull_in_a_suit,False
197,When is the sad gone?,29,0.96,xzj55q,Memes_Of_The_Dank,https://i.redd.it/ao10acijkrs91.jpg,0,2022-10-09 16:46:22,Jalmar10kalmari,False
198,where?,693,0.97,xyyxu7,Memes_Of_The_Dank,https://i.redd.it/e7ahaofbdms91.jpg,3,2022-10-08 23:19:13,AG145923078,False
199,SINCRONIZED.,1,0.56,y01xjn,Memes_Of_The_Dank,https://i.redd.it/yyvtarjfsvs91.jpg,0,2022-10-10 06:57:44,macro_lol,False
200,Those the 4L friends. Always getting you outa trouble lol,3,0.71,xzy39z,Memes_Of_The_Dank,https://i.redd.it/yxas4nubvus91.jpg,0,2022-10-10 03:52:12,Actual_Ad3919,False
201,.,93,0.92,xz7131,Memes_Of_The_Dank,https://i.redd.it/1pxqp4vq4os91.jpg,2,2022-10-09 05:12:31,memeexpo,False
202,The fr feeling ‚ú®,34,0.77,xzbtt7,Memes_Of_The_Dank,https://i.redd.it/4tb0lddddps91.jpg,7,2022-10-09 09:22:43,RoarOfDracoZ,False
203,EDP445,36,0.85,xzan0t,Memes_Of_The_Dank,https://i.redd.it/dojlrcbq1ps91.jpg,8,2022-10-09 08:17:22,Puzzleheaded_Lake_10,False
204,when you have a dream,13,0.94,xzetnd,Memes_Of_The_Dank,https://i.redd.it/r1k5fsvu8qs91.jpg,0,2022-10-09 12:19:05,Petervito1,False
205,SpOoKy sWaG,144,0.96,xyzj73,Memes_Of_The_Dank,https://i.redd.it/11u797jwhms91.gif,1,2022-10-08 23:43:19,AG145923078,False
206,some things will never evolve,159,0.99,xyyd10,Memes_Of_The_Dank,https://i.redd.it/w4ydpwqf9ms91.png,1,2022-10-08 22:55:23,RogelioMunoz544524,False
207,Hmm,105,0.96,xz0qll,Memes_Of_The_Dank,https://i.redd.it/v5hgdkb3rms91.jpg,2,2022-10-09 00:34:16,PixelMvN,False
208,When she keeps sucking after the nutüòÇüòÇüòÇ. Question: does it hurt or does it feel good? Replies appreciated. My Professor is gonna geekü§£ü§£ü§£,0,0.4,xzy2fp,Memes_Of_The_Dank,https://i.redd.it/nwahmx26vus91.jpg,6,2022-10-10 03:51:16,Actual_Ad3919,False
209,The monster,6,0.67,xzca02,Memes_Of_The_Dank,https://i.redd.it/mmnkhv4ohps91.png,0,2022-10-09 09:47:51,Melon-O_o,False
210,mmmm pigeon,110,0.99,xyrke1,Memes_Of_The_Dank,https://i.redd.it/ul0bjvghsks91.jpg,6,2022-10-08 17:58:29,Rabfn27,False
211,Finally the spooky begins!,34,0.92,xyz9sj,Memes_Of_The_Dank,https://i.redd.it/j5070s51gms91.jpg,0,2022-10-08 23:32:42,AG145923078,False
212,*Barney Laugh*,49,0.93,xyv5qu,Memes_Of_The_Dank,https://i.redd.it/zojhp83llls91.jpg,0,2022-10-08 20:41:31,Massive_Net_5105,False
213,69 shops near you,159,0.98,xynvm4,Memes_Of_The_Dank,https://i.redd.it/23s4qu9wqjs91.png,3,2022-10-08 14:28:08,K1nk__,False
214,Let that sink in...,5849,0.97,xy0c1p,Memes_Of_The_Dank,https://i.redd.it/epp5sayu6es91.png,48,2022-10-07 19:47:47,K1nk__,False
215,i should go out...,37,0.88,xyumt3,Memes_Of_The_Dank,https://i.redd.it/67a5zjylhls91.jpg,0,2022-10-08 20:19:17,Massive_Net_5105,False
216,barely started,32,0.85,xytu7u,Memes_Of_The_Dank,https://i.redd.it/7mgogn6bbls91.jpg,0,2022-10-08 19:43:57,Massive_Net_5105,False
217,Idk,43,0.95,xyra61,Memes_Of_The_Dank,https://i.redd.it/4ssrpmvxpks91.jpg,1,2022-10-08 17:44:09,Lolgamer1177,False
218,ü™®,7,0.77,xz1g0x,Memes_Of_The_Dank,https://i.redd.it/dahb88jgwms91.jpg,0,2022-10-09 01:04:15,Gorb_Fish,False
219,I'm just really lazy,12,0.73,xyyncd,Memes_Of_The_Dank,https://i.redd.it/goinlitkbms91.jpg,1,2022-10-08 23:07:12,Idonotunderstand1,False
220,i am screaming with laughter,59,0.87,xym660,Memes_Of_The_Dank,https://i.redd.it/cbd1cf0x7js91.jpg,5,2022-10-08 12:41:21,just_add_123,False
221,They‚Äôre real you guys,125,0.97,xyfkpz,Memes_Of_The_Dank,https://i.redd.it/na21v0vqfhs91.jpg,2,2022-10-08 06:41:42,meez_UwU,True
222,Yeah if i had a garage like thatt,5212,0.99,xxm9e1,Memes_Of_The_Dank,https://i.redd.it/qp29patpfas91.jpg,47,2022-10-07 07:09:22,keepinMum,False
223,Dramatic sounds,39,0.95,xyhyx3,Memes_Of_The_Dank,https://i.redd.it/gsf9cifp1is91.jpg,0,2022-10-08 08:45:34,wxibin12,False
224,why are we called homosapiens if most of us are straight,15,0.83,xyksvs,Memes_Of_The_Dank,https://i.redd.it/bpuiwyxmsis91.jpg,0,2022-10-08 11:19:45,chichiryuuteii,False
225,Is it true?,40,0.9,xych9r,Memes_Of_The_Dank,https://i.redd.it/ph4cf4g6pgs91.png,1,2022-10-08 04:13:12,SnooSketches2336,False
226,my weekend plans,51,0.96,xyaqsu,Memes_Of_The_Dank,https://i.redd.it/428ykqcnbgs91.jpg,1,2022-10-08 02:56:56,Gorb_Fish,False
227,Every year I feel old,40,0.82,xyc7e4,Memes_Of_The_Dank,https://i.redd.it/r4vp4udzmgs91.jpg,3,2022-10-08 04:00:33,Anissa_Jolie,False
228,Fun Thursday night,142,0.96,xy22ia,Memes_Of_The_Dank,https://i.redd.it/uxtk2e2ojes91.jpg,11,2022-10-07 20:58:18,PazuzuPanhandle,False
229,makes me hungry,47,0.96,xy9owa,Memes_Of_The_Dank,https://i.redd.it/56fb3enh3gs91.jpg,1,2022-10-08 02:12:40,Potential_Tonight281,False
230,da koopa king do be koopin and kingin,90,0.97,xy4w2w,Memes_Of_The_Dank,https://i.redd.it/ivkkjw274fs91.jpg,1,2022-10-07 22:53:24,Cheeseburger-Sex,False
231,Let‚Äôs roll,71,0.93,xy3txh,Memes_Of_The_Dank,https://i.redd.it/nkghi2nhwes91.jpg,0,2022-10-07 22:10:10,SmallForce9719,False
232,Pinky and the Brain hit different,23,0.9,xya1ax,Memes_Of_The_Dank,https://i.redd.it/5sab8fk46gs91.png,0,2022-10-08 02:27:25,Vlusi,False
233,American Army has defeated Putin confirmed,6,0.67,xyhakt,Memes_Of_The_Dank,https://i.redd.it/pgvxfzvjvhs91.jpg,0,2022-10-08 08:10:17,Lockstrocks,False
234,it do be tru tho,31,0.89,xy5uw1,Memes_Of_The_Dank,https://i.redd.it/sjis2nq4bfs91.jpg,1,2022-10-07 23:32:27,AG145923078,False
235,i forgor my password :/,37,0.9,xy2wpb,Memes_Of_The_Dank,https://i.redd.it/4ykyif4npes91.jpg,2,2022-10-07 21:32:12,Free-Ebb6565,False
236,"You are correct, sir",4460,0.99,xx52zx,Memes_Of_The_Dank,https://i.redd.it/gylc748or6s91.jpg,53,2022-10-06 18:48:59,throwaway_gangbang,False
237,Damn son,28,0.86,xy2cu3,Memes_Of_The_Dank,https://i.redd.it/eniyj4tples91.png,1,2022-10-07 21:10:05,realoximathtwtch,False
238,How to debate.,7,0.82,xybfzu,Memes_Of_The_Dank,https://i.redd.it/6me7msr2hgs91.jpg,0,2022-10-08 03:27:23,-TheADMIRAL,False
239,honest reaction to both trailers üòÖ,22,0.85,xy15nz,Memes_Of_The_Dank,https://i.redd.it/e92o5yz0des91.png,0,2022-10-07 20:21:27,Ezzedo,False
240,Memes only students may understand cause made this meme by my self.(made by Trivathan),20,0.92,xy1tke,Memes_Of_The_Dank,https://i.redd.it/czz6k9dihes91.png,1,2022-10-07 20:48:13,Trivathan-4312,False
241,Saving the planet,62,0.97,xxtz35,Memes_Of_The_Dank,https://i.redd.it/2dtownw6lcs91.jpg,0,2022-10-07 14:23:17,Jalmar10kalmari,False
242,Hahaha repeat memes go hehehe brrrr,11,0.76,xy5ovm,Memes_Of_The_Dank,https://i.redd.it/7kuj9w51afs91.jpg,3,2022-10-07 23:26:04,Gastly25,False
243,when the lean hits,7,0.77,xy72yf,Memes_Of_The_Dank,https://i.redd.it/tmt7wuu8kfs91.jpg,0,2022-10-08 00:23:50,DavidTheCoolBoi,False
244,Oh no... (sorry for bad formatting),12,0.77,xy44es,Memes_Of_The_Dank,https://i.redd.it/tbpbq79kyes91.jpg,2,2022-10-07 22:22:27,dafingy,False
245,Why does this keep happening?,11,0.8,xy24v3,Memes_Of_The_Dank,https://i.redd.it/jazd1fy2kes91.gif,0,2022-10-07 21:00:50,PazuzuPanhandle,False
246,Just another spooky meme,26,0.82,xxvr2b,Memes_Of_The_Dank,https://i.redd.it/fx6sia4q4ds91.jpg,0,2022-10-07 16:12:48,mangobirb_99,False
247,Hummnahummnia,2509,0.98,xx18ch,Memes_Of_The_Dank,https://i.redd.it/3fvwq1z3q5s91.jpg,50,2022-10-06 15:18:27,mbyamh,False
248,rip stephen,81,0.91,xxou4y,Memes_Of_The_Dank,https://i.redd.it/j8e7ghpt2bs91.jpg,5,2022-10-07 09:19:15,ashykash,False
249,Ancient tree,55,0.96,xxmdsf,Memes_Of_The_Dank,https://i.redd.it/nanzgyrugas91.jpg,12,2022-10-07 07:15:25,Gauraha,False
250,Reject modernity embrace tradition,953,0.98,xx1z8p,Memes_Of_The_Dank,https://i.redd.it/ei5mzw3by5s91.jpg,64,2022-10-06 16:04:31,zaertjneazjez,False
251,Disney: checkmate you suckers,1937,0.96,xwy1o5,Memes_Of_The_Dank,https://i.redd.it/skh3lk4so4s91.png,156,2022-10-06 11:49:22,MonthlyRunny,False
252,Too dumb for school,756,0.91,xx25uh,Memes_Of_The_Dank,https://i.redd.it/34otba4e06s91.jpg,55,2022-10-06 16:16:04,keepinMum,False
253,"Big, if true",2573,0.96,xwuvgu,Memes_Of_The_Dank,https://i.redd.it/u79x2ebvt3s91.jpg,98,2022-10-06 08:56:00,penpyp,False
254,Here lies title,711,0.99,xx1db0,Memes_Of_The_Dank,https://i.redd.it/e4lyw33rr5s91.jpg,20,2022-10-06 15:27:38,nitish777,False
255,mann andrew,0,0.33,xybbzq,Memes_Of_The_Dank,https://i.redd.it/0ufy4dr2ggs91.jpg,0,2022-10-08 03:22:20,ashykash,False
256,Bae üò©,20,0.76,xxm3ua,Memes_Of_The_Dank,https://i.redd.it/q75asiqfeas91.jpg,14,2022-10-07 07:01:51,SmallForce9719,True
257,I play with female characters,168,0.95,xx64t7,Memes_Of_The_Dank,https://i.redd.it/mv7wfbj207s91.jpg,7,2022-10-06 19:36:00,theflamingdragon69,False
258,quest,16,0.87,xxnkk9,Memes_Of_The_Dank,https://i.redd.it/ggdddyscras91.png,0,2022-10-07 08:14:19,Positive-Minimum-776,False
259,Many Saints of New Donk,25,0.88,xxkjgl,Memes_Of_The_Dank,https://i.redd.it/i8mxb3on0as91.png,4,2022-10-07 05:45:13,Flaky_Courage_8068,False
260,Memes_Of_The_Dank,0,0.5,xy4us8,Memes_Of_The_Dank,https://i.redd.it/0lsebgkx3fs91.gif,0,2022-10-07 22:51:55,lauronq,False
261,True,2227,0.97,xwpoeb,Memes_Of_The_Dank,https://i.redd.it/w6usjavcm2s91.jpg,59,2022-10-06 04:52:07,penpyp,False
262,Happiness is temporary,90,0.96,xx7zb8,Memes_Of_The_Dank,https://i.redd.it/dfz95gb5e7s91.jpg,5,2022-10-06 20:54:59,odarrell,False
263,"If you know, you know",12,0.8,xxnrio,Memes_Of_The_Dank,https://i.redd.it/m1i2gcc4tas91.jpg,2,2022-10-07 08:24:12,DontStopThisFeeling,False
264,he'll get through it soon,127,0.99,xx4lz4,Memes_Of_The_Dank,https://i.redd.it/ff0q1mgkn6s91.jpg,2,2022-10-06 18:27:10,GrassToucher416,False
265,Guau mam√°,80,0.97,xx5xjq,Memes_Of_The_Dank,https://i.redd.it/tdlno07iy6s91.png,4,2022-10-06 19:27:25,Neither-Kick9945,False
266,Sad boi sounds,634,0.99,xwtk58,Memes_Of_The_Dank,https://i.redd.it/b9qili6fi3s91.jpg,12,2022-10-06 07:51:57,zaertjneazjez,False
267,Summer feels good,23,0.96,xxdcr5,Memes_Of_The_Dank,https://i.redd.it/jnedqhueh8s91.jpg,1,2022-10-07 00:34:59,Jalmar10kalmari,False
268,Funny birthday meme,719,1.0,xwqt12,Memes_Of_The_Dank,https://i.redd.it/xk0ccb6ev2s91.jpg,7,2022-10-06 05:42:43,zaertjneazjez,False
269,yes... I want to post that again but did you know this meme?,26,0.91,xxc47a,Memes_Of_The_Dank,https://i.redd.it/dt9j5b9788s91.jpg,5,2022-10-06 23:43:55,realoximathtwtch,False
270,"ahhh yes, finally",18,1.0,xxdvk8,Memes_Of_The_Dank,https://i.redd.it/j9lz3no7l8s91.jpg,0,2022-10-07 00:56:17,Techny3000,False
271,I use light mode during the day and dark mode at night‚Ä¶,12,0.84,xxe3xl,Memes_Of_The_Dank,https://i.redd.it/gagh02uum8s91.jpg,0,2022-10-07 01:05:31,henri-golo,False
272,Why Uruguay ?,33,0.86,xx52wr,Memes_Of_The_Dank,https://i.redd.it/49cacymnr6s91.jpg,10,2022-10-06 18:48:52,henri-golo,False
273,Me hating redditors while realizing im also using reddit.,14,1.0,xxc1gu,Memes_Of_The_Dank,https://i.redd.it/gcsooluq78s91.jpg,1,2022-10-06 23:40:49,-TheADMIRAL,False
274,they might come check,173,0.98,xww6dq,Memes_Of_The_Dank,https://i.redd.it/0yc46mow54s91.jpg,0,2022-10-06 10:03:22,Living_Bodybuilder68,False
275,2 of tHe gReaTeSt! 2024,67,0.89,xx0jvm,Memes_Of_The_Dank,https://i.redd.it/6opykun0i5s91.jpg,3,2022-10-06 14:33:05,FamiliarTale61,False
276,i want nikes b*tch,28,0.9,xx51a5,Memes_Of_The_Dank,https://i.redd.it/cf0dwtoar6s91.jpg,0,2022-10-06 18:46:49,Inevitable-Value5539,False
277,dankkkkkk meme,17,0.82,xx91mt,Memes_Of_The_Dank,https://i.redd.it/r24ak3qvl7s91.jpg,2,2022-10-06 21:38:55,realoximathtwtch,False
278,they disappeared,18,0.85,xx7l5r,Memes_Of_The_Dank,https://i.redd.it/qj2gcku8b7s91.jpg,2,2022-10-06 20:38:38,Leather-Heart-2773,False
279,I don't know why but...,8,0.91,xxbzlu,Memes_Of_The_Dank,https://i.redd.it/do1luppa78s91.jpg,0,2022-10-06 23:38:43,realoximathtwtch,False
280,Highly relatable,36,0.95,xx1v22,Memes_Of_The_Dank,https://i.redd.it/g1510nl0x5s91.png,0,2022-10-06 15:57:20,ScarcelyVenerated,False
281,Safety first,106,0.92,xwvr1b,Memes_Of_The_Dank,https://i.redd.it/6ud9hg6t14s91.png,7,2022-10-06 09:40:54,MonthlyRunny,False
282,i forgor ¬Ø\_(„ÉÑ)_/¬Ø,12,1.0,xx8jdv,Memes_Of_The_Dank,https://i.redd.it/yp76oxdvg7s91.gif,0,2022-10-06 21:18:27,AG145923078,False
283,No I don‚Äôt know where the original charger is and I will not elaborate,18,0.92,xx5h21,Memes_Of_The_Dank,https://i.redd.it/k8z1goovu6s91.jpg,0,2022-10-06 19:06:54,Red-Faced-Wolf,False
284,meme 1,9,0.77,xx8mrk,Memes_Of_The_Dank,https://i.redd.it/vi0ha1g0j7s91.jpg,0,2022-10-06 21:22:16,i_am_guy__,False
285,Spoiler,1,0.57,xxpmoa,Memes_Of_The_Dank,https://i.redd.it/zwmrj6vgabs91.jpg,1,2022-10-07 10:01:24,ace04321,False
286,This gets under my skin,78,0.95,xww42b,Memes_Of_The_Dank,https://i.redd.it/1xopr66554s91.png,1,2022-10-06 10:00:04,ScarcelyVenerated,False
287,Name a more iconic duo. I'll wait.,4,0.75,xxf576,Memes_Of_The_Dank,https://i.redd.it/d1a0804fu8s91.jpg,1,2022-10-07 01:48:02,XXshrek69,False
288,This is when she will return your messages,121,0.88,xws35r,Memes_Of_The_Dank,https://i.redd.it/2c1meht063s91.png,8,2022-10-06 06:42:24,ScarcelyVenerated,False
289,meme,7,0.77,xx8nn3,Memes_Of_The_Dank,https://i.redd.it/pa0jucv7j7s91.jpg,0,2022-10-06 21:23:19,i_am_guy__,False
290,Incoming,102,0.99,xwtbvd,Memes_Of_The_Dank,https://i.redd.it/a1qpnf3hg3s91.jpg,2,2022-10-06 07:40:51,WillupDefou,False
291,*sighs*,147,0.98,xwpky8,Memes_Of_The_Dank,https://i.redd.it/dxbrpyoll2s91.png,4,2022-10-06 04:47:58,MonthlyRunny,False
292,wtf,2115,0.98,xw4zw7,Memes_Of_The_Dank,https://i.redd.it/mild1m2f8yr91.jpg,43,2022-10-05 14:06:50,FromVT,False
293,The donkey is more likely to keep its word,4242,0.95,xw1kbo,Memes_Of_The_Dank,https://i.redd.it/c3o1ldnb9xr91.png,141,2022-10-05 10:50:22,PuzzledMishap,False
294,i forgor ¬Ø\_(„ÉÑ)_/¬Ø,5,0.73,xx9yuz,Memes_Of_The_Dank,https://i.redd.it/54fzegqos7s91.png,0,2022-10-06 22:16:45,AG145923078,False
295,What am I doing ?,459,0.97,xwbqtb,Memes_Of_The_Dank,https://i.redd.it/p5e33zwgwzr91.jpg,32,2022-10-05 19:43:20,Current_Quality_1229,False
296,Don't Flarking Do It,18,0.81,xwz0yo,Memes_Of_The_Dank,https://i.redd.it/yqbmnufsz4s91.jpg,5,2022-10-06 12:50:53,IzukuDripdoriya69,False
297,sponsored: Prada sending love to Florida,3,0.72,xx759h,Memes_Of_The_Dank,https://i.redd.it/ooiy6bzr77s91.png,0,2022-10-06 20:20:10,necromanscaper,True
298,Don‚Äôt mess with trapinch,23,0.96,xwwnb2,Memes_Of_The_Dank,https://i.redd.it/qwpxmwjga4s91.jpg,3,2022-10-06 10:28:53,TheFireFadesEdition,False
299,lol,135,0.99,xwjom9,Memes_Of_The_Dank,https://i.redd.it/30bugmzhf1s91.jpg,4,2022-10-06 00:51:48,omnipotent_vazha,False
300,I really hope they don‚Äôt do my boy dirty in this,25,0.93,xwthj4,Memes_Of_The_Dank,https://i.redd.it/svnfmzxth3s91.jpg,6,2022-10-06 07:48:26,toasterstrdl3,False
301,Collective Ah Ha! moment ensues,15,0.8,xwwr5i,Memes_Of_The_Dank,https://i.redd.it/f2m7l8rbb4s91.jpg,1,2022-10-06 10:34:32,SirMemesALot21,False
302,October time!,193,0.98,xwc6xm,Memes_Of_The_Dank,https://i.redd.it/q3ka7lqqzzr91.gif,7,2022-10-05 20:01:42,Jalmar10kalmari,False
303,I‚Äôm too afraid to ask at this point,512,0.94,xw59xv,Memes_Of_The_Dank,https://i.redd.it/1ghnanffbyr91.jpg,31,2022-10-05 14:23:46,TVBuff,False
304,Starts with t,939,0.99,xw1w10,Memes_Of_The_Dank,https://i.redd.it/n7osb0jdcxr91.png,67,2022-10-05 11:07:30,FatherlyProbation,False
305,"Gotta love the out of touch with reality, group of humans",24,0.97,xwr8pa,Memes_Of_The_Dank,https://i.imgur.com/TmQc4wR.jpg,1,2022-10-06 06:03:04,StrictInstruction738,False
306,Amazing customer service,1597,0.97,xvwipk,Memes_Of_The_Dank,https://i.redd.it/3ni79uyx1wr91.jpg,32,2022-10-05 06:47:00,BeepBloopHahaha,False
307,Lady bug smells bad,353,0.98,xw5jdj,Memes_Of_The_Dank,https://i.redd.it/je327597eyr91.png,3,2022-10-05 14:39:30,CuriouslySilver,False
308,Must be bussin,33,0.84,xwkz3r,Memes_Of_The_Dank,https://i.redd.it/63crhzyio1s91.jpg,3,2022-10-06 01:42:23,-TheADMIRAL,False
309,Which dream is better,17,0.81,xwqa1m,Memes_Of_The_Dank,https://i.redd.it/7vyhbknp84s91.jpg,1,2022-10-06 05:19:04,Misorz,False
310,Madlad being denied food,565,0.97,xw0hzo,Memes_Of_The_Dank,https://i.redd.it/4wda6x9azwr91.png,13,2022-10-05 09:54:02,StiffNarration,False
311,r/aita looking real sus,58,0.97,xwfbgf,Memes_Of_The_Dank,https://i.redd.it/oar6igtal0s91.jpg,0,2022-10-05 22:02:42,AG145923078,False
312,ü§ì,28,0.87,xwk9ts,Memes_Of_The_Dank,https://i.redd.it/jm3zv8akj1s91.gif,1,2022-10-06 01:15:02,Skilled0_0,False
313,A well deserved sleep,166,0.98,xw505f,Memes_Of_The_Dank,https://i.redd.it/l85t369g8yr91.png,2,2022-10-05 14:07:16,physicalpendulum631,False
314,Wut!!!!,39,0.92,xwf245,Memes_Of_The_Dank,https://i.redd.it/deekofugj0s91.png,1,2022-10-05 21:52:33,Tixey_tik,False
315,Parenting 101,186,0.96,xw3rsu,Memes_Of_The_Dank,https://i.redd.it/1dj3gn39vxr91.png,1,2022-10-05 12:53:07,StiffNarration,False
316,"Check out Will Smith's new movie ""Emancipation""",8,0.9,xwq1og,Memes_Of_The_Dank,https://i.redd.it/wlvrypjbp2s91.jpg,0,2022-10-06 05:08:36,Pwntera-,False
317,cant talk to you rn.. im busy lol,498,1.0,xvwaxm,Memes_Of_The_Dank,https://i.redd.it/la6fiml20wr91.jpg,4,2022-10-05 06:36:58,Baby_Secretary7,False
318,Out of context friends: part 1,11,1.0,xwnz46,Memes_Of_The_Dank,https://i.redd.it/ug470jcn92s91.png,0,2022-10-06 03:41:17,guy2000z4,False
319,As the prophecy foretold,14,0.78,xwl3x3,Memes_Of_The_Dank,https://i.redd.it/dsb7041hp1s91.jpg,2,2022-10-06 01:47:42,KarmitaAddict,False
320,üëÄ,201,0.9,xw1rcw,Memes_Of_The_Dank,https://i.redd.it/sr9kmd18bxr91.jpg,7,2022-10-05 11:00:41,Spiritual-Pear6393,False
321,why ??,23,0.88,xwfnq8,Memes_Of_The_Dank,https://i.redd.it/okc627non0s91.jpg,3,2022-10-05 22:15:53,dark_bread,False
322,Nothing to see here. Just keep scrolling,48,0.94,xw9m4b,Memes_Of_The_Dank,https://i.redd.it/deatojr0gzr91.jpg,2,2022-10-05 18:11:12,The0Wolf1,False
323,funny title,10,0.7,xwlsn2,Memes_Of_The_Dank,https://i.redd.it/tbqdlge3u1s91.png,0,2022-10-06 02:14:31,megaamigo22,False
324,they forgot someone important,40,0.82,xw9pkc,Memes_Of_The_Dank,https://i.redd.it/pgl2h52tgzr91.jpg,13,2022-10-05 18:15:36,thodoraras2000,False
325,THE ONLINE GAME,46,0.93,xw9cvf,Memes_Of_The_Dank,https://i.redd.it/jlvzptpwdzr91.png,4,2022-10-05 17:59:43,SpaceshipCaptain001,False
326,every side character in anime Romance,9,0.72,xwkn6i,Memes_Of_The_Dank,https://i.redd.it/mkm1nut9m1s91.jpg,4,2022-10-06 01:29:46,ButterscotchCertain9,False
327,Didn't just got home,9193,0.96,xv9das,Memes_Of_The_Dank,https://i.redd.it/97el0nbn0rr91.jpg,192,2022-10-04 13:50:49,PinkhamGeneva362,False
328,That vegan teacher meme,27,0.89,xw9144,Memes_Of_The_Dank,https://i.redd.it/45nxuoj8bzr91.png,1,2022-10-05 17:44:31,SpaceshipCaptain001,False
329,Low but never 0,319,0.98,xvsc63,Memes_Of_The_Dank,https://i.redd.it/7reyhk0q4vr91.jpg,13,2022-10-05 03:41:36,Arounddefend,False
330,AYE‚Ä¶ the beat go off?,18,0.86,xwak3j,Memes_Of_The_Dank,https://i.redd.it/zbl6ox1x41s91.jpg,2,2022-10-05 18:52:28,Misorz,False
331,no! she found it‚Ä¶.,168,0.95,xvud8n,Memes_Of_The_Dank,https://i.redd.it/qv45wf6pkvr91.jpg,11,2022-10-05 05:10:14,Gorb_Fish,False
332,business is boomin with yogurts,15,0.79,xw97pu,Memes_Of_The_Dank,https://i.redd.it/deh2pqf0czr91.png,0,2022-10-05 17:52:51,SpaceshipCaptain001,False
333,DROBBIE DROTTEN,3,0.62,xwm1mc,Memes_Of_The_Dank,https://i.redd.it/vw5cxi01w1s91.jpg,0,2022-10-06 02:24:29,eyelessjamie,False
334,The pipeline,33,0.93,xw48e3,Memes_Of_The_Dank,https://i.redd.it/xiqt2kfthzr91.jpg,0,2022-10-05 13:21:12,Misorz,False
335,Fear,2733,0.99,xv942e,Memes_Of_The_Dank,https://i.redd.it/v7vpexi5yqr91.jpg,23,2022-10-04 13:36:51,McPhersonNellie209,False
336,"He's a douchebag, but this is a prime Chad move.",65,0.93,xvzv0k,Memes_Of_The_Dank,https://i.redd.it/owti0evntwr91.png,0,2022-10-05 09:22:35,PuzzledMishap,False
337,I won't pass a good deal,72,0.96,xvy424,Memes_Of_The_Dank,https://i.redd.it/gdzl014kewr91.png,1,2022-10-05 07:58:54,StiffNarration,False
338,LerrrdaMercy!,70,0.82,xvy5v4,Memes_Of_The_Dank,https://i.redd.it/ibytoaj6fwr91.jpg,7,2022-10-05 08:01:06,Spiritual-Pear6393,False
339,WAKE TF UP BRO,33,0.95,xw3765,Memes_Of_The_Dank,https://i.redd.it/bd0n1b2cpxr91.png,3,2022-10-05 12:20:11,FatherlyProbation,False
340,That wizard weed got me feelin‚Äô rattlesnakey,9,0.85,xwad7v,Memes_Of_The_Dank,https://i.redd.it/4tgefadg31s91.jpg,0,2022-10-05 18:44:19,Misorz,False
341,Spooky month,111,0.96,xvtkaq,Memes_Of_The_Dank,https://i.redd.it/7ri6db7aevr91.png,2,2022-10-05 04:34:43,SnooSketches2336,False
342,this is like me when I get in zoom lol,1242,0.99,xvax92,Memes_Of_The_Dank,https://i.redd.it/qy1w8hmvhrr91.jpg,9,2022-10-04 15:27:27,Khadija_ahmad,False
343,yes,0,0.5,xwqwnn,Memes_Of_The_Dank,https://i.redd.it/u940thv5w2s91.jpg,0,2022-10-06 05:47:21,Panda_Twitch_reddit,False
344,real,374,0.98,xvixbf,Memes_Of_The_Dank,https://i.redd.it/pmd2r0i5btr91.jpg,2,2022-10-04 21:33:11,No_Kindheartedness49,False
345,nooooo!,77,0.95,xvtfo6,Memes_Of_The_Dank,https://i.redd.it/hihugh7fdvr91.jpg,1,2022-10-05 04:29:29,Gorb_Fish,False
346,he might need help,62,0.94,xvsjwu,Memes_Of_The_Dank,https://i.redd.it/jt0v04jh6vr91.jpg,0,2022-10-05 03:50:34,tobydafurry,False
347,Strange choice,3,0.71,xwc951,Memes_Of_The_Dank,https://i.redd.it/sze2c2dph1s91.jpg,0,2022-10-05 20:04:08,Misorz,False
348,haha I don't know sam o Nella ho brrrr,3,0.6,xwembl,Memes_Of_The_Dank,https://i.redd.it/j1b7qgwhg0s91.jpg,3,2022-10-05 21:35:43,Gastly25,False
349,Missed this scene in 8 mile,333,0.98,xvdg28,Memes_Of_The_Dank,https://i.redd.it/ercuzv2k5sr91.jpg,4,2022-10-04 17:40:03,yeetsonmcyeet,False
350,Thank you doctor,84,0.96,xvnqlq,Memes_Of_The_Dank,https://i.redd.it/g8xcppgc8ur91.jpg,0,2022-10-05 00:39:19,odarrell,False
351,youtube,26,0.89,xvwyoa,Memes_Of_The_Dank,https://i.redd.it/f3daimsj5wr91.jpg,0,2022-10-05 07:07:06,Sohrey,False
352,FALs for days,153,0.96,xvfrc6,Memes_Of_The_Dank,https://i.redd.it/tr3ke5bcosr91.jpg,1,2022-10-04 19:25:18,WhiskeySierra117,False
353,chad meme,87,0.92,xvkg9a,Memes_Of_The_Dank,https://i.redd.it/xb5wtfdlltr91.jpg,4,2022-10-04 22:31:42,Good_morining,False
354,Belarus rn,27,0.89,xvtkvk,Memes_Of_The_Dank,https://i.redd.it/ry1pw2sgevr91.gif,3,2022-10-05 04:35:21,SeverusAurelius,False
355,medieval medicine wasn't just leeches,121,0.98,xvgc0b,Memes_Of_The_Dank,https://i.redd.it/yk2yarfessr91.png,2,2022-10-04 19:48:50,necromanscaper,False
356,eat trees,377,0.96,xv8vq6,Memes_Of_The_Dank,https://i.redd.it/o5uuaxgsvqr91.jpg,0,2022-10-04 13:23:31,FamiliarTale61,False
357,happy spooktober,46,0.94,xvm6os,Memes_Of_The_Dank,https://i.redd.it/hz8bgwfjxtr91.jpg,0,2022-10-04 23:38:53,yourmomsadversion,False
358,was busy fixing his cuff links,16,0.9,xvtrbj,Memes_Of_The_Dank,https://i.redd.it/eg33xwqvfvr91.jpg,0,2022-10-05 04:43:15,Certain-Ad-3192,False
359,giga cat,39,0.95,xvkotp,Memes_Of_The_Dank,https://i.redd.it/gbdmpz37ntr91.jpg,2,2022-10-04 22:40:42,Helpmeplease___pls,False
360,Zoom meetings,10,0.86,xvtfov,Memes_Of_The_Dank,https://i.redd.it/kydktx5ddvr91.png,0,2022-10-05 04:29:31,SnooSketches2336,False
361,Expectations vs Budget,138,0.99,xv5v9b,Memes_Of_The_Dank,https://i.redd.it/1wzuc2420qr91.png,0,2022-10-04 10:26:21,Automatic-Ear-7160,False
362,All conspiracy theory‚Äôs are disproved by one image.,22,0.87,xvc5rt,Memes_Of_The_Dank,https://i.redd.it/r3sgobzqbtr91.jpg,2,2022-10-04 16:36:30,Misorz,True
363,Mr Nimbus in the mcu,7,0.77,xvj5rx,Memes_Of_The_Dank,https://i.redd.it/ibdeecvpctr91.jpg,0,2022-10-04 21:42:03,toasterstrdl3,False
364,meme template from the greek show love island (free use),6,0.8,xvgk4f,Memes_Of_The_Dank,https://i.redd.it/bzvveh80usr91.jpg,0,2022-10-04 19:57:59,SpaceshipCaptain001,False
365,"look closely, you'll find out why he needs more storage",6,0.8,xvgfv1,Memes_Of_The_Dank,https://i.redd.it/evurd81btsr91.jpg,0,2022-10-04 19:53:13,nanabananamilk,False
366,Nah üíÄ,31,0.9,xv6f3y,Memes_Of_The_Dank,https://i.redd.it/z70orb3h5qr91.jpg,1,2022-10-04 10:56:04,West_Ask8938,False
367,The Mystical Tree of Time,96,0.94,xut6o1,Memes_Of_The_Dank,https://i.redd.it/5xf3utc4qor91.jpg,1,2022-10-04 01:08:09,Misorz,False
368,Knock knock,38,0.89,xuzh59,Memes_Of_The_Dank,https://i.redd.it/kvi1ztubior91.jpg,1,2022-10-04 05:24:33,YouGotTheWrongJuan,True
369,Took me weeks,84,0.95,xut8vf,Memes_Of_The_Dank,https://i.redd.it/3uukkph09nr91.jpg,1,2022-10-04 01:10:29,RedditCrys_GotBanned,False
370,DREAMS TWIN?!?,21,0.77,xv3acn,Memes_Of_The_Dank,https://i.redd.it/awftdllbdpr91.jpg,0,2022-10-04 08:18:12,Gif_lord69,False
371,game over...,201,0.9,xukwal,Memes_Of_The_Dank,https://i.redd.it/o0xa7c1qolr91.jpg,10,2022-10-03 19:55:01,EXODRIZ,False
372,random meme,1250,0.98,xu713w,Memes_Of_The_Dank,https://i.redd.it/0rymfs405ir91.jpg,12,2022-10-03 07:59:07,Himanshu_249006,False
373,people,317,0.98,xuel9f,Memes_Of_The_Dank,https://i.redd.it/a3mnm6t48kr91.jpg,5,2022-10-03 15:00:13,Certain-Ad-3192,False
374,i hope this word have another mean,204,0.97,xuglwp,Memes_Of_The_Dank,https://i.redd.it/edsfegkcrkr91.jpg,6,2022-10-03 16:47:57,Snoop_Carl,False
375,lol,228,0.92,xufxb0,Memes_Of_The_Dank,https://i.redd.it/9q6v2ws4lkr91.jpg,22,2022-10-03 16:13:06,DarkNemesis2001,False
376,Room Reveal üòÅ,30,0.88,xuvlbe,Memes_Of_The_Dank,https://i.redd.it/6g4veuw4pnr91.jpg,4,2022-10-04 02:40:51,Gorb_Fish,False
377,idk,345,0.98,xudcv1,Memes_Of_The_Dank,https://i.redd.it/yr8k692gujr91.jpg,7,2022-10-03 13:43:30,Certain-Ad-3192,False
378,Rule,4017,0.96,xtx3ra,Memes_Of_The_Dank,https://i.redd.it/o7t5afhdzfr91.jpg,178,2022-10-03 00:43:59,Mysterious_Rope_5253,False
379,Our cat learned how to get on top of the cabinets..,87,0.95,xuj61x,Memes_Of_The_Dank,https://i.redd.it/hmvplbs7clr91.png,9,2022-10-03 18:45:09,Automatic-Ear-7160,False
380,Wtf Germany‚Ä¶,23,0.9,xuugcf,Memes_Of_The_Dank,https://i.redd.it/syw5gv19hnr91.jpg,6,2022-10-04 01:56:40,Current_Quality_1229,False
381,Ben is short for Benjamin,34,0.97,xuqx44,Memes_Of_The_Dank,https://i.redd.it/8hyg82e5tmr91.jpg,1,2022-10-03 23:41:41,odarrell,False
382,Hail to the King!!!!,8,0.64,xv00xf,Memes_Of_The_Dank,https://i.redd.it/euw0ygtpmor91.jpg,3,2022-10-04 05:49:04,Spiritual-Pear6393,False
383,hmm yes,12,0.84,xuulzb,Memes_Of_The_Dank,https://i.redd.it/gzy4e0f7inr91.jpg,3,2022-10-04 02:02:37,yourmomsadversion,False
384,me when,8,0.79,xuuq2b,Memes_Of_The_Dank,https://i.redd.it/5wcve113jnr91.jpg,0,2022-10-04 02:07:19,yourmomsadversion,False
385,Battle of shits,1026,0.98,xtv0d1,Memes_Of_The_Dank,https://i.redd.it/e92fvfibkfr91.jpg,13,2022-10-02 23:19:37,Mysterious_Rope_5253,False
386,Serve Master.,4841,0.96,xtl0yz,Memes_Of_The_Dank,https://i.redd.it/sqj7tutc9dr91.jpg,60,2022-10-02 15:34:36,Current_Quality_1229,False
387,Why does it feel so nice tho :((,802,0.98,xtw2ng,Memes_Of_The_Dank,https://i.redd.it/fs4kop3trfr91.jpg,7,2022-10-03 00:02:05,SG4YT,False
388,happens to the best of us eh,68,0.95,xubpm7,Memes_Of_The_Dank,https://i.redd.it/1xqh6mzjcjr91.gif,2,2022-10-03 12:03:15,zeronerves1,False
389,walking'nt,65,0.86,xubqkb,Memes_Of_The_Dank,https://i.redd.it/ugz7ctatcjr91.jpg,1,2022-10-03 12:04:45,Fluid-Pie-4042,False
390,wait what,232,0.98,xu0zyg,Memes_Of_The_Dank,https://i.redd.it/b3g65ztprgr91.jpg,5,2022-10-03 03:22:51,Gorb_Fish,False
391,"45 questions are a lot, mate",32,0.86,xudp2d,Memes_Of_The_Dank,https://i.redd.it/ltus9mv5yjr91.png,2,2022-10-03 14:04:21,zeronerves1,False
392,nahhhhh üò≠,59,0.91,xu2d3g,Memes_Of_The_Dank,https://i.redd.it/313ui5w62hr91.jpg,3,2022-10-03 04:21:33,Gorb_Fish,False
393,It‚Äôs a ma‚Äôam!!!,2378,0.98,xtcfkz,Memes_Of_The_Dank,https://i.redd.it/mrr42vmytar91.jpg,9,2022-10-02 07:24:46,Spiritual-Pear6393,False
394,When chips,10,0.74,xuajtg,Memes_Of_The_Dank,https://i.redd.it/l4actspl0jr91.png,1,2022-10-03 10:56:46,AG145923078,False
395,DREAM WAS SHANE DAWSON THIS WHOLE TIME,21,0.78,xu5x8m,Memes_Of_The_Dank,https://i.redd.it/8xcti6qtvhr91.jpg,0,2022-10-03 07:07:39,koiphoria,False
396,"I'm always horny, so I will never be happy",86,0.9,xtt2r0,Memes_Of_The_Dank,https://i.redd.it/zepubde76fr91.jpg,9,2022-10-02 22:00:30,Kotodox,False
397,DREAM FACE REVEAL *trigger warning*,14,0.77,xu68hh,Memes_Of_The_Dank,https://i.redd.it/rekdklvhyhr91.jpg,2,2022-10-03 07:22:39,Gif_lord69,False
398,New Clash Royale Update,30,0.89,xtzt0u,Memes_Of_The_Dank,https://i.redd.it/9jklev9zigr91.jpg,2,2022-10-03 02:33:52,Due_Ad3720,False
399,Money cash money woooo,39,0.9,xty5jy,Memes_Of_The_Dank,https://i.redd.it/kaxq7rh07gr91.jpg,1,2022-10-03 01:26:52,RobotAssassin951,False
400,lamborjini,72,0.94,xtsn2e,Memes_Of_The_Dank,https://i.redd.it/5dzt71l13fr91.jpg,3,2022-10-02 21:42:49,Fluid-Pie-4042,False
401,Really Mr. Bond?,783,0.99,xtd2j7,Memes_Of_The_Dank,https://i.redd.it/gu30wsblzar91.jpg,1,2022-10-02 07:56:18,TheFireFadesEdition,False
402,issa funny joke pls no cancel,6,0.67,xu8yey,Memes_Of_The_Dank,https://i.redd.it/ed510wwklir91.jpg,0,2022-10-03 09:32:32,1halfgrover,False
403,No trash bag in the can=,452,0.99,xtci70,Memes_Of_The_Dank,https://i.redd.it/n2lnbxyluar91.jpg,6,2022-10-02 07:28:23,Spiritual-Pear6393,False
404,Man looks bored,2597,0.97,xt04vd,Memes_Of_The_Dank,https://i.redd.it/yz4kp10c48r91.jpg,75,2022-10-01 22:17:33,Flat_Ad_8560,False
405,Huh?,1450,0.98,xt356v,Memes_Of_The_Dank,https://i.redd.it/ygzjkd8qq8r91.jpg,42,2022-10-02 00:23:39,Spiritual-Pear6393,False
406,You can call me sexy,10231,0.95,xsqy9q,Memes_Of_The_Dank,https://i.redd.it/3fzz9j1yx5r91.jpg,375,2022-10-01 14:58:16,HeavyTipcUser,False
407,Hello October,97,0.93,xthr0b,Memes_Of_The_Dank,https://i.redd.it/mupam4jj9cr91.jpg,2,2022-10-02 12:13:54,Rabbul_K96,False
408,gÃ∂ÃøÃìÃÑÃΩÃÜÃüÕçÃûÕÖÃ®ÃûiÃ¥ÕÑÃçÕÅÃÖÕ†ÃÄÃßÃ™ÃºÃ†ÃôvÃµÃïÕùÕùÕëÃäÃÄÕÑÃªÕâÃ≥eÃ∑ÃΩÕòÃéÃøÕ†ÃîÕÅÕ†ÃÉÃâÃòÃπ Ã∂ÕóÃÉÕùÃéÃ°ÕñÃ≥Ã£ÕöÃ™Ã±tÃµÕùÃéÕùÃæÃëÕÜÕúÃ§Ã≥Ã±ÃúÃ≥Ã•hÃ∏ÃåÕÑÃäÃÑÃäÃÜÕêÕÜÃèÕåÃ≤ÃπÃ°Ã≥ÕñÕÖÕôÃ©Ã°eÃµÃèÕùÕõÕ†ÃΩÃáÃ∞Ã°ÃòÕôÃ•Ã†ÃôÕàmÃµÃïÃéÕùÕòÃïÕóÕíÕÜÃóÕïÃ¶ÃñÃ¢Ã® Ã∑ÃÖÕåÕùÃäÕùÕêÕÄÕÜÃãÃòÃ¢ÕÖÕúÕñÃ¢ÃªÃùtÃ¥ÃàÃöÕõÃÑÕàÃ¢Ã≠Ã¢ÃπÃÆÃØÃªÃúÃ†oÃ∂ÃäÃéÃãÕëÕëÕùÃûÃÆÃôÃûÃØÃªÃßÃ≤ÃßÕì Ã∏ÕëÃìÃÖÕäÃøÃÖÕúÃ®Ã¢ÕîÃ∞ÕâÕöÃ∞mÃ∏ÃÜÕÅÃîÕëÃÇÕãÃûÃ´Ã´Ã•Ã≥Ã¶ÕñÃ®eÃµÃÖÕÄÃèÕùÃÖÕÑÃÆÃôÃùgÃ∂ÕêÃâÃ¨Ã£Ã¨ÃüÃûÃòÕâÃ®ÕÖiÃ∏ÕóÃêÕÄÕÜÕóÃêÕóÃèÕêÃ±ÃπÃ±ÕôÃ∫Ã≠Ã™Ã©ÕúvÃ∑ÕÜÕíÕëÃâÃΩÕéÃ≠eÃ∂ÕùÃèÕùÃîÃãÃ∫Ãú Ã∂ÕåÃÜÕÅÃÄÕóÕäÕëÃ±ÃóÃ•Ã±ÕñÃ™ÃπtÃ∂ÃêÃÖ,1,0.53,xuaz1x,Memes_Of_The_Dank,https://i.redd.it/hdirez705jr91.png,1,2022-10-03 11:20:55,Ok-Zookeepergame1785,False
409,He need some milk!!!!,77,0.95,xtcgmw,Memes_Of_The_Dank,https://i.redd.it/vss8hpm7uar91.jpg,1,2022-10-02 07:26:09,Spiritual-Pear6393,False
410,Bros had an account since the great depression,160,0.97,xt6n2o,Memes_Of_The_Dank,https://i.redd.it/m8ebilufh9r91.png,12,2022-10-02 02:53:51,Duck4Luc,False
411,So funny ü§£,330,0.95,xsz9e2,Memes_Of_The_Dank,https://i.redd.it/v4hob1h1y7r91.jpg,6,2022-10-01 21:42:15,Mysterious_Rope_5253,False
412,Only Halo players know üòî,68,0.96,xt964f,Memes_Of_The_Dank,https://i.redd.it/yfb7dgwu1ar91.jpg,3,2022-10-02 04:47:18,Emergency-Bath6954,False
413,Sad but true...,1431,0.98,xsomkk,Memes_Of_The_Dank,https://i.redd.it/cxh12zto75r91.jpg,7,2022-10-01 12:31:00,obamagaming14,False
414,aisle be back for in flight snacks and drinks,146,0.99,xsx9r2,Memes_Of_The_Dank,https://i.redd.it/xmyxq0jtj7r91.jpg,0,2022-10-01 20:22:33,Mysterious_Rope_5253,False
415,Box office hit,12,0.68,xtcnga,Memes_Of_The_Dank,https://i.redd.it/xowo0rquvar91.jpg,4,2022-10-02 07:35:22,Spiritual-Pear6393,False
416,relatable lol,116,0.97,xsvcsc,Memes_Of_The_Dank,https://i.redd.it/sclion6y47r91.jpg,0,2022-10-01 18:59:12,hotwifelisa909,False
417,Orange Justice = Friend,27,0.94,xt3deq,Memes_Of_The_Dank,https://i.redd.it/ff79t6els8r91.jpg,2,2022-10-02 00:33:31,Gastly25,False
418,I hate waiting!,210,1.0,xsp0so,Memes_Of_The_Dank,https://i.redd.it/79i07m20c5r91.png,5,2022-10-01 12:55:45,Tixey_tik,False
419,Best i can do ¬Ø\_ („ÉÑ)_/¬Ø,73,0.97,xssxcq,Memes_Of_The_Dank,https://i.redd.it/3mvpbnk6j6r91.jpg,0,2022-10-01 16:57:33,AG145923078,False
420,chances are that someone whud probebly fell for that.,66,0.96,xst12p,Memes_Of_The_Dank,https://i.redd.it/i8ohfsg5k6r91.jpg,10,2022-10-01 17:03:18,Certain-Status-8963,False
421,Godzilla will take over this time.,25,0.83,xszsoa,Memes_Of_The_Dank,https://i.redd.it/ak9dad6n18r91.png,1,2022-10-01 22:03:39,Sefla_X,False
422,The cashier when I tap ‚Äúno tip‚Äù after all they did was spin the ipad around.,4569,0.96,xs0sz2,Memes_Of_The_Dank,https://i.redd.it/efv7fijbvzq91.jpg,109,2022-09-30 18:32:45,Mysterious_Rope_5253,False
423,Skeletons care about memes olny,496,0.98,xsgrm9,Memes_Of_The_Dank,https://i.redd.it/lpm3qanz53r91.jpg,10,2022-10-01 05:37:55,AizekN,False
424,CBR are all idiots,464,0.99,xsgzhw,Memes_Of_The_Dank,https://i.redd.it/u6kb2bdq73r91.png,18,2022-10-01 05:47:57,Casvic64,False
425,Dang,265,0.93,xs9zsk,Memes_Of_The_Dank,https://i.redd.it/ysxedfnqq1r91.jpg,10,2022-10-01 00:50:39,_Cespuglio_,False
426,Bulge Season For The Ladies,46,0.94,xsmi3o,Memes_Of_The_Dank,https://i.redd.it/4ahi5rhbl4r91.jpg,4,2022-10-01 10:25:36,Independent-Rain-715,False
427,He will not be missed,46,0.77,xsmh34,Memes_Of_The_Dank,https://i.redd.it/t0y8mby0l4r91.jpg,10,2022-10-01 10:23:59,toasterstrdl3,False
428,I'm down bad for a promotion,296,0.99,xs8osv,Memes_Of_The_Dank,https://i.redd.it/opxu5y5kh1r91.jpg,2,2022-09-30 23:59:15,TrillseldaBlanco,False
429,So it begins...,164,0.96,xsd9lh,Memes_Of_The_Dank,https://i.redd.it/mh6oey3ee2r91.gif,7,2022-10-01 03:03:13,Bicycle-Winter,False
430,Kirby stole my laptop!?,15,0.95,xsq61b,Memes_Of_The_Dank,https://i.redd.it/aj2ok9t4p5r91.jpg,2,2022-10-01 14:08:46,imnotstarry,True
431,Keep on scrolling-,374,0.91,xs3ehn,Memes_Of_The_Dank,https://i.redd.it/8pbvbud2f0r91.jpg,13,2022-09-30 20:23:26,LewizGotIDKWhat,False
432,Nooooo,826,0.96,xrxu7u,Memes_Of_The_Dank,https://i.redd.it/2l0z7syc4zq91.jpg,31,2022-09-30 16:01:39,Mysterious_Rope_5253,False
433,be creative,52,0.88,xsiezw,Memes_Of_The_Dank,https://i.redd.it/qhp0brwzj3r91.jpg,2,2022-10-01 06:56:26,AizekN,False
434,Mannnnn. Even the dog knows,54,0.93,xshwj0,Memes_Of_The_Dank,https://i.redd.it/5k45i9ykf3r91.jpg,0,2022-10-01 06:31:41,Independent-Rain-715,False
435,I mean he isn't wrong though,36,0.88,xskb94,Memes_Of_The_Dank,https://i.redd.it/42z0wm2t04r91.jpg,2,2022-10-01 08:30:39,AizekN,False
436,"Hmm, yes, this is good",576,0.96,xrz93g,Memes_Of_The_Dank,https://i.redd.it/6qe1gf6zhzq91.jpg,11,2022-09-30 17:17:59,FlaccidParsnips,False
437,Elon‚Äôs the goat,279,0.94,xs3bv6,Memes_Of_The_Dank,https://i.redd.it/ym46b0aje0r91.jpg,2,2022-09-30 20:20:31,Flat_Ad_8560,False
438,spooky night,32,0.84,xsjsqa,Memes_Of_The_Dank,https://i.redd.it/kb38yy96w3r91.jpg,0,2022-10-01 08:04:41,AizekN,False
439,Word.,5305,0.99,xrl3db,Memes_Of_The_Dank,https://i.redd.it/2ypr6rumkvq91.jpg,135,2022-09-30 04:05:45,Mysterious_Rope_5253,False
440,Rare joke right there lol.,677,0.95,xrvz5t,Memes_Of_The_Dank,https://i.redd.it/o509j7ieiyq91.jpg,27,2022-09-30 13:58:37,Loco_9_yrs_old,False
441,Calling to the Skeleton Army: we must go to war,46,0.91,xsegz7,Memes_Of_The_Dank,https://i.redd.it/mois3qkkn2r91.gif,1,2022-10-01 03:54:40,Bicycle-Winter,False
442,Cleaning out reddit for Spooktober,52,0.96,xsdjgy,Memes_Of_The_Dank,https://i.redd.it/abl5u6phg2r91.gif,3,2022-10-01 03:14:59,Bicycle-Winter,False
443,???,103,0.97,xs7i1l,Memes_Of_The_Dank,https://i.redd.it/renxl8pv81r91.jpg,15,2022-09-30 23:10:33,Mysterious_Rope_5253,False
444,Listen to mokey,56,0.86,xsa0oh,Memes_Of_The_Dank,https://i.redd.it/dcuayawwq1r91.jpg,11,2022-10-01 00:51:38,_Cespuglio_,False
445,‚Ä¶.wILL rIsE aGaiN!!!,0,0.39,xtczb9,Memes_Of_The_Dank,https://i.redd.it/d5jzq6zryar91.jpg,7,2022-10-02 07:51:45,Spiritual-Pear6393,False
446,Gettin it on early,31,1.0,xsebdx,Memes_Of_The_Dank,https://i.redd.it/y9zw8v8cm2r91.jpg,1,2022-10-01 03:47:48,Space_Effective,False
447,American't,3871,0.95,xrhqg2,Memes_Of_The_Dank,https://i.redd.it/pn22rknwuuq91.jpg,100,2022-09-30 01:41:36,DisturbanceJohnson,False
448,HARAMBE,35,0.93,xsbxsi,Memes_Of_The_Dank,https://i.redd.it/22l8idpt42r91.jpg,2,2022-10-01 02:09:36,na-meme42,False
449,Too fast,42,0.9,xsa05y,Memes_Of_The_Dank,https://i.redd.it/dpdhc1htq1r91.jpg,0,2022-10-01 00:51:05,_Cespuglio_,False
450,Checkmate desertification,105,0.96,xs277r,Memes_Of_The_Dank,https://i.redd.it/hec2fch760r91.jpg,3,2022-09-30 19:33:48,ayyomayyo1,False
451,What appened?,34,0.87,xs9vlj,Memes_Of_The_Dank,https://i.redd.it/pl3mdwwvp1r91.jpg,3,2022-10-01 00:45:52,_Cespuglio_,False
452,not again!,27,0.97,xsbudp,Memes_Of_The_Dank,https://i.redd.it/ouaurbg442r91.jpg,1,2022-10-01 02:05:42,Gorb_Fish,False
453,Who‚Äôs thirsty?,69,0.88,xs2ju8,Memes_Of_The_Dank,https://i.redd.it/c15ctxgr80r91.gif,1,2022-09-30 19:48:14,ayyomayyo1,False
454,God judges,22,0.84,xsbqtb,Memes_Of_The_Dank,https://i.redd.it/1moch6ue32r91.jpg,1,2022-10-01 02:01:40,na-meme42,False
455,Inspirational,39,0.96,xs6mlo,Memes_Of_The_Dank,https://i.redd.it/yl236cdf21r91.jpg,3,2022-09-30 22:34:23,yikesuhuh,False
456,they just built different,45,0.93,xs5q14,Memes_Of_The_Dank,https://i.redd.it/8d1p738tv0r91.jpg,2,2022-09-30 21:57:18,Gorb_Fish,False
457,What a chad,1195,0.99,xrk7br,Memes_Of_The_Dank,https://i.redd.it/zybxz7bodvq91.jpg,18,2022-09-30 03:26:45,StartComfortable8486,False
458,your face when your favorite teacher yells at you,3,0.61,xstahx,Memes_Of_The_Dank,https://i.redd.it/986bif4xm6r91.jpg,2,2022-10-01 17:18:24,Mike2950,False
459,cant have shit in detroit,25,0.96,xs6pfi,Memes_Of_The_Dank,https://i.redd.it/39ct3t3031r91.jpg,0,2022-09-30 22:37:36,Gorb_Fish,False
460,Finally,16,0.94,xs9m0m,Memes_Of_The_Dank,https://i.redd.it/puqkehe1o1r91.jpg,0,2022-10-01 00:35:31,Foxyplayz3,False
461,Guess he will be spending some more time in Gangsta's Paradise,686,0.99,xrktou,Memes_Of_The_Dank,https://i.redd.it/2z8091oaivq91.png,1,2022-09-30 03:53:31,15_is_the_Answer,False
462,weeniolis,185,0.98,xrsb1h,Memes_Of_The_Dank,https://i.redd.it/1x7qnvatcxq91.jpg,4,2022-09-30 10:05:28,Mostly_Harmless90,False
463,YouTube kids got 4K ULTRA HD IN ENGLISH AND FOR TEENAGERS,2,0.75,xsmb84,Memes_Of_The_Dank,https://i.redd.it/jszrv8sdj4r91.jpg,1,2022-10-01 10:14:45,Person_on_reddit473,False
464,"I just really like garlic bread(yes this is a repost, that's the whole point, please don't remove this",16,0.81,xs6j3c,Memes_Of_The_Dank,https://i.redd.it/rpj1kpzp11r91.jpg,2,2022-09-30 22:30:30,CreeperNoobEntity303,True
465,Snowflake,10,0.63,xsalr9,Memes_Of_The_Dank,https://i.redd.it/hyyhcwi5v1r91.jpg,1,2022-10-01 01:15:25,oceanbos,False
466,just vibin',23,0.87,xs1r66,Memes_Of_The_Dank,https://i.redd.it/sau4ancq20r91.png,1,2022-09-30 19:14:46,Mr_Pickle3009,False
467,Boss fight,2130,0.99,xr7orp,Memes_Of_The_Dank,https://i.redd.it/yimsgw7htsq91.jpg,27,2022-09-29 18:50:00,Mysterious_Rope_5253,False
468,Well done human,4635,0.99,xr185s,Memes_Of_The_Dank,https://i.redd.it/78jxbdio1rq91.jpg,90,2022-09-29 12:52:32,IAmRealllyHighBut,False
469,nahhhh,400,1.0,xrgta7,Memes_Of_The_Dank,https://i.redd.it/nvzz56c1ouq91.jpg,7,2022-09-30 01:03:03,Gorb_Fish,False
470,5 noches con alfredo,11,0.82,xs0678,Memes_Of_The_Dank,https://i.redd.it/79ec0xs0qzq91.jpg,1,2022-09-30 18:03:09,bubumonke69,False
471,Nice start of the day,1347,0.98,xr1ugs,Memes_Of_The_Dank,https://i.redd.it/l5spljgo8rq91.jpg,22,2022-09-29 13:32:58,PawelNytra,False
472,it's milking time,2038,0.99,xqyxwl,Memes_Of_The_Dank,https://i.redd.it/2hnzjtnidqq91.jpg,6,2022-09-29 10:37:19,MEME-dude-22,False
473,The Stans,23,0.96,xrt762,Memes_Of_The_Dank,https://i.redd.it/wd9u5wuvlxq91.png,0,2022-09-30 10:56:52,Griffinb217,False
474,Holy ü§îü§îü§î,0,0.45,xs9pwb,Memes_Of_The_Dank,https://i.redd.it/kja3zm1ro1r91.png,0,2022-10-01 00:39:46,PermaBananed,False
475,I found this,605,0.98,xr26ht,Memes_Of_The_Dank,https://i.redd.it/i9f3ypcrcrq91.png,2,2022-09-29 13:54:30,Dangerous-Town-6116,False
476,Poisoned Waterhole,207,0.97,xr8q7e,Memes_Of_The_Dank,https://i.imgur.com/uEe4wIP.jpg,0,2022-09-29 19:34:42,EvilPoptart23,False
477,mooo,305,0.96,xr3xry,Memes_Of_The_Dank,https://i.redd.it/xxj2qyjsvrq91.jpg,2,2022-09-29 15:41:13,Dangerous-Town-6116,False
478,ah yes......sketching,45,0.98,xri2mv,Memes_Of_The_Dank,https://i.redd.it/5h4s3e0hxuq91.png,0,2022-09-30 01:55:59,Hitolian,False
479,It‚Äôs been like 13 years‚Ä¶.,151,0.95,xr80y2,Memes_Of_The_Dank,https://i.redd.it/49zi79f3wsq91.jpg,3,2022-09-29 19:04:38,ClosingGuide245,False
480,Best trade I‚Äôve ever made,58,0.91,xrehgk,Memes_Of_The_Dank,https://i.redd.it/sji04ra77uq91.jpg,2,2022-09-29 23:28:40,Mysterious_Rope_5253,False
481,üíÄ,35,0.79,xrhua9,Memes_Of_The_Dank,https://i.redd.it/e33ai9hpvuq91.jpg,3,2022-09-30 01:46:01,V2Hydra,False
482,The pizza would also be a splattered mess.,404,0.99,xqzi5a,Memes_Of_The_Dank,https://i.redd.it/dtrfrzg4jqq91.png,4,2022-09-29 11:09:24,Automatic-Ear-7160,False
483,"Being on the internet while having strong opinions is great, just great.",95,0.96,xr8640,Memes_Of_The_Dank,https://i.redd.it/ji36tl27xsq91.jpg,0,2022-09-29 19:10:49,Mysterious_Rope_5253,False
484,The duality of man,1401,0.99,xqqt3r,Memes_Of_The_Dank,https://i.redd.it/suk8tb82hoq91.jpg,3,2022-09-29 04:13:17,oceanbos,False
485,Made with MS paint,16,0.89,xrkn27,Memes_Of_The_Dank,https://i.redd.it/9cd0d6kwgvq91.png,0,2022-09-30 03:45:20,pleaseletmeaccount,False
486,B E T A P O W E R,74,0.98,xr8k9p,Memes_Of_The_Dank,https://i.redd.it/1m1uop390tq91.jpg,0,2022-09-29 19:27:56,WhiskeySierra117,False
487,"ahh yes, another shutdown by google",10,1.0,xrohpd,Memes_Of_The_Dank,https://i.redd.it/u44g9kgqdwq91.png,0,2022-09-30 06:49:01,Techny3000,False
488,That bad huhüòè,129,0.96,xr4qpp,Memes_Of_The_Dank,https://i.redd.it/19583i814sq91.jpg,0,2022-09-29 16:27:22,Theblacksheep2000,False
489,ÿ£ÿ±ÿ®ÿπ ŸÑÿ≠ÿ∏ÿßÿ™ ÿ•ŸÉÿ≥Ÿäÿ±,0,0.5,xs0p7x,Memes_Of_The_Dank,https://i.redd.it/vpa9vuwjuzq91.jpg,0,2022-09-30 18:28:27,waffledoesfrontflip,True
490,The Games of Language,5468,0.98,xqe7es,Memes_Of_The_Dank,https://i.redd.it/6ugghu3q0mq91.jpg,109,2022-09-28 19:58:06,Mysterious_Rope_5253,False
491,.,258,0.99,xqyyds,Memes_Of_The_Dank,https://i.redd.it/poili8zndqq91.jpg,1,2022-09-29 10:38:05,MEME-dude-22,False
492,Ps: this is a med for cold,23,0.73,xrcu46,Memes_Of_The_Dank,https://i.redd.it/1megny0wcvq91.jpg,4,2022-09-29 22:22:19,Smooth-Royal6100,False
493,Instant like,2219,0.99,xqg8qw,Memes_Of_The_Dank,https://i.redd.it/4qrb36e9fmq91.jpg,25,2022-09-28 21:19:36,Mysterious_Rope_5253,False
494,Are we gay,1253,0.97,xqga5o,Memes_Of_The_Dank,https://i.redd.it/os8dlve9fmq91.jpg,62,2022-09-28 21:21:04,UngualBulb66,False
495,ZZZZZZZT,462,0.99,xqnrus,Memes_Of_The_Dank,https://i.redd.it/xczmsjb8vnq91.jpg,1,2022-09-29 02:10:54,TrillseldaBlanco,False
496,Always Sunny x Pokemon,21,0.93,xr7jw2,Memes_Of_The_Dank,https://i.redd.it/wekjuptessq91.jpg,0,2022-09-29 18:44:01,trashgremlinuwu,False
497,Bro sleeping in a box of cardboard üíÄ,671,0.99,xqhvj3,Memes_Of_The_Dank,https://i.redd.it/tppjd2scqmq91.jpg,9,2022-09-28 22:21:46,Cobs2009YT,False
498,Adam strikes again,1382,0.98,xq9owl,Memes_Of_The_Dank,https://i.redd.it/d2vihr7g0lq91.jpg,11,2022-09-28 16:35:06,shrud_,False
499,Keep up the drip my guy,587,0.98,xqfgqu,Memes_Of_The_Dank,https://i.redd.it/q4hylqyu9mq91.jpg,2,2022-09-28 20:49:22,meez_UwU,False
500,Would be a nice plot.,136,0.94,xqpt58,Memes_Of_The_Dank,https://i.redd.it/z9339iid9oq91.jpg,2,2022-09-29 03:31:47,ExistentOriya480,False
501,when your sisters friends come over...,425,0.98,xqd2uj,Memes_Of_The_Dank,https://i.redd.it/96royi4aslq91.png,21,2022-09-28 19:11:39,Josh265_e,False
502,"People who use the comeback ""who asked""",77,0.94,xqpykj,Memes_Of_The_Dank,https://i.redd.it/8jb1pbdraoq91.jpg,6,2022-09-29 03:37:58,Emergency-Bath6954,False
503,"""Raw Times at Ridgemont High!"" ü§´",38,0.89,xqu2o5,Memes_Of_The_Dank,https://i.redd.it/ahzkn3mz6pq91.jpg,2,2022-09-29 06:38:34,FozzDaBear_Wocka82,False
504,We do be a little to picky sometimes,124,0.96,xqe3ah,Memes_Of_The_Dank,https://i.redd.it/mct8n48vzlq91.gif,2,2022-09-28 19:53:27,Proof_Cheesecake_266,False
505,Fact!,80,0.89,xqhfd6,Memes_Of_The_Dank,https://i.redd.it/zozn0lb9nmq91.jpg,4,2022-09-28 22:04:27,freeze_ninja,False
506,"babe wake up, new jackie kennedy meme just dropped",7,0.7,xqubpr,Memes_Of_The_Dank,https://i.redd.it/g7llhh5u8pq91.jpg,0,2022-09-29 06:49:51,marvsac,False
507,SUS,1805,0.99,xpnrqg,Memes_Of_The_Dank,https://i.redd.it/kwyrtc94xfq91.jpg,7,2022-09-27 23:27:15,indi1397,False
508,Too realistic,31,0.92,xqfkgs,Memes_Of_The_Dank,https://i.redd.it/pl5lgp2kamq91.jpg,0,2022-09-28 20:53:25,the4thcoior,False
