,Id,Is this a meme?,Image,Text,Image + Text,Against Women,Against Country/Region,Against Sexual Preference,Against Religion/Ethinicity,Against Celebrity/Individual,Against Brand/Industry/Product,Against Organization,Sexual Content,Violent Content,Other Reason
0,xw6nqy.jpg,Yes,Non Harmful,Non Harmful,Non Harmful,0,0,0,0,0,0,0,0,0,0
1,xwvnl6.jpg,No,,,,0,0,0,0,0,0,0,0,0,0
2,xx0fvc.jpg,Yes,Non Harmful,Non Harmful,Non Harmful,0,0,0,0,0,0,0,0,0,0
3,xwf1mm.jpg,Yes,Non Harmful,Non Harmful,Non Harmful,0,0,0,0,0,0,0,0,0,0
4,xw8f6n.jpg,Yes,Non Harmful,Non Harmful,Harmful,1,0,0,0,0,0,0,0,0,0
5,xx77fb.jpg,Yes,Severely Harmful,Non Harmful,Severely Harmful,1,1,0,1,0,0,0,1,0,0
6,xwgbqk.jpg,Yes,Non Harmful,Non Harmful,Non Harmful,0,0,0,0,0,0,0,0,0,0
7,xwrgpu.jpg,Yes,Mark For Review,Non Harmful,Harmful,1,0,0,0,1,1,0,1,0,0
8,xx6qv2.jpg,Yes,Non Harmful,Non Harmful,Non Harmful,0,0,0,0,0,0,0,0,0,0
9,xw6xjm.jpg,Yes,Non Harmful,Non Harmful,Non Harmful,0,0,0,0,0,0,0,0,0,0
10,xwoa6m.jpg,Yes,Mark For Review,Non Harmful,Mark For Review,1,0,1,0,0,0,0,1,0,1
11,xwwsfw.jpg,Yes,Non Harmful,Non Harmful,Non Harmful,0,0,0,0,0,0,0,0,0,0
12,xx4vw3.jpg,Yes,Harmful,Non Harmful,Harmful,1,0,0,0,0,0,0,0,1,0
13,xxc24y.jpg,Yes,Non Harmful,Non Harmful,Non Harmful,0,0,0,0,0,0,0,0,0,0
14,xxhjdx.jpg,Yes,Harmful,Harmful,Harmful,0,1,0,0,1,0,0,0,0,0
15,xxemdo.jpg,Yes,Non Harmful,Non Harmful,Non Harmful,0,0,0,0,0,0,0,0,0,0
16,xx1y76.jpg,Yes,Non Harmful,Harmful,Harmful,0,0,0,0,0,0,0,0,1,0
17,xx8nkc.jpg,Yes,Harmful,Non Harmful,Harmful,0,1,0,0,1,0,0,0,0,0
18,xxbqpy.jpg,Yes,Non Harmful,Harmful,Harmful,0,0,0,0,0,1,1,0,1,1
19,xx1e2b.jpg,No,,,,0,0,0,0,0,0,0,0,0,0
20,xxkx3s.jpg,Yes,Mark For Review,Mark For Review,Mark For Review,1,0,0,0,0,0,0,1,0,0
21,xxxsqo.jpg,Yes,Non Harmful,Non Harmful,Non Harmful,0,0,0,0,0,0,0,0,0,0
22,xxp2cg.jpg,Yes,Non Harmful,Harmful,Harmful,0,0,1,0,0,0,0,0,1,0
23,xxq7h4.jpg,Yes,Non Harmful,Non Harmful,Non Harmful,0,0,0,0,0,0,0,0,0,0
24,xxydwk.jpg,Yes,Non Harmful,Non Harmful,Non Harmful,0,0,0,0,0,0,0,0,0,0
25,xx4m6n.jpg,No,,,,0,0,0,0,0,0,0,0,0,0
26,xxlnwp.jpg,Yes,Non Harmful,Non Harmful,Non Harmful,0,0,0,0,0,0,0,0,0,0
27,xxxt4w.jpg,Yes,Non Harmful,Non Harmful,Non Harmful,0,0,0,0,0,0,0,0,0,0
28,xxujps.jpg,Yes,Non Harmful,Harmful,Mark For Review,0,0,1,0,0,1,0,0,0,1
29,xy6a2m.jpg,No,,,,0,0,0,0,0,0,0,0,0,0
30,xxwqvs.jpg,Yes,Non Harmful,Non Harmful,Non Harmful,0,0,0,0,0,0,0,0,0,0
31,xxxxv1.jpg,Yes,Harmful,Non Harmful,Harmful,1,0,0,0,0,0,0,1,1,0
32,xxumw2.jpg,Yes,Non Harmful,Non Harmful,Non Harmful,0,0,0,0,0,0,0,0,0,0
33,xxxzc6.jpg,Yes,Non Harmful,Harmful,Harmful,1,0,0,0,0,0,0,0,0,0
34,xy780g.jpg,Yes,Non Harmful,Non Harmful,Non Harmful,0,0,0,0,0,0,0,0,0,0
35,xxx58l.jpg,Yes,Harmful,Non Harmful,Harmful,1,0,0,1,0,0,0,0,0,0
36,xy0xr9.jpg,No,,,,0,0,0,0,0,0,0,0,0,0
37,xxzs0f.jpg,Yes,Non Harmful,Harmful,Harmful,1,0,0,0,0,0,0,0,0,0
38,xy14w3.jpg,Yes,Non Harmful,Harmful,Harmful,0,1,0,0,1,0,0,0,0,0
39,xy8lfb.jpg,No,,,,0,0,0,0,0,0,0,0,0,0
40,xy1072.jpg,Yes,Non Harmful,Non Harmful,Non Harmful,0,0,0,0,0,0,0,0,0,0
41,xxtsbk.jpg,Yes,Non Harmful,Non Harmful,Non Harmful,0,0,0,0,0,0,0,0,0,0
42,xyfo0f.jpg,Yes,Harmful,Harmful,Harmful,0,1,0,0,1,0,0,1,0,0
43,xycv6r.jpg,Yes,Non Harmful,Non Harmful,Non Harmful,0,0,0,0,0,0,0,0,0,0
44,xyco1q.jpg,No,,,,0,0,0,0,0,0,0,0,0,0
45,xyfqdr.jpg,Yes,Non Harmful,Non Harmful,Non Harmful,0,0,0,0,0,0,0,0,0,0
46,xy75ei.jpg,Yes,Non Harmful,Non Harmful,Non Harmful,0,0,0,0,0,0,0,0,0,0
47,xxqjfj.jpg,Yes,Non Harmful,Non Harmful,Non Harmful,0,0,0,0,0,0,0,0,0,0
48,xy02nu.jpg,Yes,Non Harmful,Non Harmful,Non Harmful,0,0,0,0,0,0,0,0,0,0
49,xygn91.jpg,Yes,Non Harmful,Non Harmful,Mark For Review,0,1,0,1,0,0,0,0,0,0
50,xyc1k1.jpg,Yes,Non Harmful,Non Harmful,Non Harmful,0,0,0,0,0,0,0,0,0,0
51,xyt8qd.jpg,Yes,Harmful,Non Harmful,Harmful,0,1,0,0,1,0,0,0,0,0
52,xyytzq.jpg,Yes,Non Harmful,Non Harmful,Non Harmful,0,0,0,0,0,0,0,0,0,0
53,xy88wv.jpg,Yes,Non Harmful,Non Harmful,Non Harmful,0,0,0,0,0,0,0,0,0,0
54,xyu9ch.jpg,Yes,Non Harmful,Non Harmful,Non Harmful,0,0,0,0,0,0,0,0,0,0
55,xyzg71.jpg,Yes,Non Harmful,Non Harmful,Non Harmful,0,0,0,0,0,0,0,0,0,0
56,y0jxw4.jpg,Yes,Harmful,Harmful,Harmful,1,0,1,0,0,0,0,1,0,0
57,xz48i2.jpg,Yes,Non Harmful,Non Harmful,Non Harmful,0,0,0,0,0,0,0,0,0,0
58,xzb63f.jpg,Yes,Harmful,Non Harmful,Harmful,0,0,0,0,0,0,0,0,1,0
59,xz8d19.jpg,Yes,Non Harmful,Non Harmful,Non Harmful,0,0,0,0,0,0,0,0,0,0
60,xz9fs6.jpg,Yes,Harmful,Harmful,Harmful,0,0,0,1,0,0,0,0,1,0
61,xz0e3a.jpg,Yes,Harmful,Non Harmful,Harmful,1,0,0,0,0,0,0,1,1,0
62,y0lycx.jpg,Yes,Non Harmful,Harmful,Harmful,0,1,0,1,1,0,0,0,1,0
63,xzbplw.jpg,Yes,Non Harmful,Non Harmful,Harmful,0,0,0,0,1,0,1,0,0,0
64,xz6dez.jpg,Yes,Mark For Review,Non Harmful,Mark For Review,0,0,0,1,1,0,0,1,1,0
65,xyswph.jpg,Yes,Severely Harmful,Severely Harmful,Severely Harmful,1,0,1,0,0,0,0,1,1,0
66,xzegs9.jpg,Yes,Non Harmful,Non Harmful,Non Harmful,0,0,0,0,0,0,0,0,0,0
67,xz31zm.jpg,Yes,Non Harmful,Harmful,Harmful,0,0,0,0,0,0,0,1,0,0
68,xz0x5e.jpg,Yes,Non Harmful,Harmful,Harmful,0,0,0,0,1,0,0,1,0,1
69,xyx5qk.jpg,Yes,Non Harmful,Non Harmful,Non Harmful,0,0,0,0,0,0,0,0,0,0
70,xzj04e.jpg,Yes,Non Harmful,Harmful,Harmful,0,1,0,0,1,0,0,1,0,0
71,xzk2sc.jpg,Yes,Non Harmful,Non Harmful,Non Harmful,0,0,0,0,0,0,0,0,0,0
72,xyrabm.jpg,Yes,Mark For Review,Harmful,Mark For Review,1,0,1,0,0,0,0,1,1,0
73,xz00zm.jpg,Yes,Non Harmful,Non Harmful,Non Harmful,0,0,0,0,0,0,0,0,0,0
74,xz41l2.jpg,Yes,Non Harmful,Non Harmful,Non Harmful,0,0,0,0,0,0,0,0,0,0
75,xznaln.jpg,No,,,,0,0,0,0,0,0,0,0,0,0
76,xz8o1f.jpg,Yes,Non Harmful,Harmful,Harmful,0,1,1,0,0,0,0,0,0,0
77,xzme9z.jpg,Yes,Non Harmful,Non Harmful,Non Harmful,0,0,0,0,0,0,0,0,0,0
78,xzu8ch.jpg,Yes,Non Harmful,Non Harmful,Non Harmful,0,0,0,0,0,0,0,0,0,0
79,xz9epv.jpg,Yes,Non Harmful,Non Harmful,Harmful,1,0,1,0,0,0,0,0,0,0
80,xzkg6r.jpg,Yes,Non Harmful,Non Harmful,Non Harmful,0,0,0,0,0,0,0,0,0,0
81,xza0uq.jpg,Yes,Non Harmful,Non Harmful,Non Harmful,0,0,0,0,0,0,0,0,0,0
82,y02thl.jpg,Yes,Non Harmful,Non Harmful,Non Harmful,0,0,0,0,0,0,0,0,0,0
83,y0l1jr.jpg,Yes,Non Harmful,Non Harmful,Non Harmful,0,0,0,0,0,0,0,0,0,0
84,xzt12x.jpg,Yes,Harmful,Harmful,Harmful,1,1,0,0,1,0,0,0,0,0
85,xzx956.jpg,Yes,Mark For Review,Severely Harmful,Severely Harmful,1,0,0,0,0,0,0,1,1,0
86,xzkt74.jpg,Yes,Non Harmful,Non Harmful,Harmful,0,1,0,0,0,0,0,0,0,0
87,xzyccr.jpg,Yes,Non Harmful,Non Harmful,Non Harmful,0,0,0,0,0,0,0,0,0,0
88,xzx7os.jpg,Yes,Non Harmful,Non Harmful,Non Harmful,0,0,0,0,0,0,0,0,0,0
89,xzrs7x.jpg,Yes,Non Harmful,Non Harmful,Non Harmful,0,0,0,0,0,0,0,0,0,0
90,xzyv39.jpg,Yes,Non Harmful,Non Harmful,Non Harmful,0,0,0,0,0,0,0,0,0,0
91,y003nc.jpg,Yes,Non Harmful,Non Harmful,Non Harmful,0,0,0,0,0,0,0,0,0,0
92,y01ft0.jpg,Yes,Mark For Review,Non Harmful,Mark For Review,0,0,0,0,0,1,0,0,0,0
93,y037fw.jpg,Yes,Harmful,Non Harmful,Harmful,0,1,0,0,1,0,0,0,0,0
94,xzl4zb.jpg,No,,,,0,0,0,0,0,0,0,0,0,0
95,xzvwe0.jpg,Yes,Mark For Review,Non Harmful,Mark For Review,1,0,1,0,1,0,0,1,0,0
96,xztuzm.jpg,Yes,Severely Harmful,Non Harmful,Severely Harmful,0,0,0,1,0,0,0,1,1,1
97,xzk8g8.jpg,Yes,Non Harmful,Mark For Review,Mark For Review,1,0,0,0,1,0,0,1,0,0
98,xzrbzk.jpg,Yes,Mark For Review,Non Harmful,Mark For Review,0,0,0,0,0,0,0,0,0,1
99,xzkecq.jpg,Yes,Non Harmful,Harmful,Harmful,0,0,1,0,0,0,0,0,0,0
100,y0jyat.jpg,Yes,Non Harmful,Non Harmful,Non Harmful,0,0,0,0,0,0,0,0,0,0
101,y0lrai.jpg,Yes,Non Harmful,Non Harmful,Non Harmful,0,0,0,0,0,0,0,0,0,0
102,y0nh6m.jpg,Yes,Non Harmful,Non Harmful,Non Harmful,0,0,0,0,0,0,0,0,0,0
103,y08vlm.jpg,Yes,Non Harmful,Non Harmful,Non Harmful,0,0,0,0,0,0,0,0,0,0
104,y0ah51.jpg,Yes,Non Harmful,Non Harmful,Non Harmful,0,0,0,0,0,0,0,0,0,0
105,y0ho0h.jpg,Yes,Non Harmful,Harmful,Harmful,0,1,0,0,1,1,1,0,0,0
106,y058um.jpg,Yes,Non Harmful,Harmful,Harmful,0,1,0,0,0,0,0,0,0,0
107,y0tsvn.jpg,Yes,Non Harmful,Non Harmful,Non Harmful,0,0,0,0,0,0,0,0,0,0
108,y0ev17.jpg,Yes,Non Harmful,Non Harmful,Non Harmful,0,0,0,0,0,0,0,0,0,0
109,y12hbk.jpg,Yes,Non Harmful,Non Harmful,Non Harmful,0,0,0,0,0,0,0,0,0,0
110,y0lq9y.jpg,Yes,Non Harmful,Harmful,Harmful,0,1,0,0,1,0,0,0,0,0
111,y02fni.jpg,Yes,Non Harmful,Non Harmful,Non Harmful,0,0,0,0,0,0,0,0,0,0
112,y0et77.jpg,Yes,Non Harmful,Non Harmful,Non Harmful,0,0,0,0,0,0,0,0,0,0
113,y0oq5q.jpg,Yes,Non Harmful,Non Harmful,Non Harmful,0,0,0,0,0,0,0,0,0,0
114,y0lbxa.jpg,Yes,Non Harmful,Severely Harmful,Severely Harmful,0,0,0,0,0,0,0,1,1,0
115,y2twqf.jpg,No,,,,0,0,0,0,0,0,0,0,0,0
116,y11o35.jpg,Yes,Non Harmful,Non Harmful,Non Harmful,0,0,0,0,0,0,0,0,0,0
117,y0rbwl.jpg,Yes,Non Harmful,Non Harmful,Harmful,0,1,0,0,1,0,0,0,0,0
118,y0wqyn.jpg,Yes,Non Harmful,Non Harmful,Non Harmful,0,0,0,0,0,0,0,0,0,0
119,y10mvf.jpg,Yes,Non Harmful,Harmful,Harmful,0,1,0,0,1,0,0,0,0,0
120,y13aoc.jpg,Yes,Non Harmful,Mark For Review,Harmful,0,0,0,0,0,0,0,1,1,0
121,y0ngs4.jpg,Yes,Non Harmful,Non Harmful,Non Harmful,0,0,0,0,0,0,0,0,0,0
122,y0gx9g.jpg,No,,,,0,0,0,0,0,0,0,0,0,0
123,y0l7td.jpg,Yes,Non Harmful,Harmful,Harmful,0,0,0,0,0,0,0,1,1,0
124,y0msw8.jpg,Yes,Harmful,Harmful,Mark For Review,0,1,0,1,1,0,0,0,1,0
125,y13oh1.jpg,Yes,Non Harmful,Non Harmful,Non Harmful,0,0,0,0,0,0,0,0,0,0
126,y18g58.jpg,Yes,Non Harmful,Non Harmful,Non Harmful,0,0,0,0,0,0,0,0,0,0
127,y1eqmb.jpg,No,,,,0,0,0,0,0,0,0,0,0,0
128,y157p8.jpg,Yes,Non Harmful,Non Harmful,Non Harmful,0,0,0,0,0,0,0,0,0,0
129,y0tkkg.jpg,Yes,Non Harmful,Harmful,Harmful,0,0,0,0,0,1,1,0,0,1
130,y1es5k.jpg,Yes,Non Harmful,Non Harmful,Non Harmful,0,0,0,0,0,0,0,0,0,0
131,y1bj0w.jpg,Yes,Non Harmful,Non Harmful,Non Harmful,0,0,0,0,0,0,0,0,0,0
132,y350ql.jpg,Yes,Non Harmful,Non Harmful,Non Harmful,0,0,0,0,0,0,0,0,0,0
133,y10i8k.jpg,Yes,Non Harmful,Harmful,Harmful,0,1,0,1,0,0,0,0,0,0
134,y1ehd2.jpg,Yes,Non Harmful,Non Harmful,Non Harmful,0,0,0,0,0,0,0,0,0,0
135,y1859k.jpg,Yes,Non Harmful,Harmful,Harmful,0,0,0,0,1,0,0,0,0,1
136,y2c035.jpg,Yes,Non Harmful,Non Harmful,Non Harmful,0,0,0,0,0,0,0,0,0,0
137,y1rl24.jpg,Yes,Non Harmful,Non Harmful,Non Harmful,0,0,0,0,0,0,0,0,0,0
138,y2778d.jpg,Yes,Harmful,Harmful,Harmful,0,1,0,0,1,0,0,1,0,0
139,y1jq5e.jpg,Yes,Non Harmful,Non Harmful,Harmful,0,0,0,1,0,0,0,0,1,0
140,y23a7e.jpg,Yes,Non Harmful,Non Harmful,Harmful,0,1,0,0,0,0,0,0,0,0
141,y1rutn.jpg,Yes,Non Harmful,Non Harmful,Harmful,0,1,0,0,1,0,0,0,0,0
142,y1s1r7.jpg,No,,,,0,0,0,0,0,0,0,0,0,0
143,y2k6kw.jpg,No,,,,0,0,0,0,0,0,0,0,0,0
144,y1qvd8.jpg,Yes,Non Harmful,Non Harmful,Mark For Review,0,0,0,0,0,0,0,0,0,1
145,y209z8.jpg,Yes,Non Harmful,Non Harmful,Non Harmful,0,0,0,0,0,0,0,0,0,0
146,y2i59z.jpg,Yes,Non Harmful,Non Harmful,Harmful,0,1,0,1,1,0,0,0,1,0
147,y2b61h.jpg,Yes,Non Harmful,Non Harmful,Non Harmful,0,0,0,0,0,0,0,0,0,0
148,y4770e.jpg,Yes,Non Harmful,Non Harmful,Non Harmful,0,0,0,0,0,0,0,0,0,0
149,y2d9ap.jpg,Yes,Non Harmful,Non Harmful,Non Harmful,0,0,0,0,0,0,0,0,0,0
150,y2h7z1.jpg,Yes,Non Harmful,Non Harmful,Non Harmful,0,0,0,0,0,0,0,0,0,0
151,y312gf.jpg,Yes,Non Harmful,Non Harmful,Non Harmful,0,0,0,0,0,0,0,0,0,0
152,y2pln1.jpg,Yes,Non Harmful,Harmful,Harmful,0,0,0,0,1,0,0,1,0,0
153,y36ucw.jpg,Yes,Non Harmful,Non Harmful,Non Harmful,0,0,0,0,0,0,0,0,0,0
154,y2hb48.jpg,No,,,,0,0,0,0,0,0,0,0,0,0
155,y4sjip.jpg,Yes,Non Harmful,Non Harmful,Harmful,0,0,0,0,0,0,0,0,0,1
156,y3bdbn.jpg,Yes,Non Harmful,Non Harmful,Non Harmful,0,0,0,0,0,0,0,0,0,0
157,y35idm.jpg,Yes,Non Harmful,Non Harmful,Non Harmful,0,0,0,0,0,0,0,0,0,0
158,y35esw.jpg,Yes,Non Harmful,Non Harmful,Non Harmful,0,0,0,0,0,0,0,0,0,0
159,y33qzl.jpg,Yes,Non Harmful,Non Harmful,Non Harmful,0,0,0,0,0,0,0,0,0,0
160,y36o3y.jpg,Yes,Non Harmful,Non Harmful,Non Harmful,0,0,0,0,0,0,0,0,0,0
161,y307gl.jpg,Yes,Non Harmful,Non Harmful,Non Harmful,0,0,0,0,0,0,0,0,0,0
162,y2zq3s.jpg,Yes,Non Harmful,Mark For Review,Mark For Review,0,0,0,1,0,0,0,1,0,0
163,y3ecpg.jpg,Yes,Non Harmful,Mark For Review,Mark For Review,0,0,0,1,0,0,0,0,0,1
164,y3hmvf.jpg,Yes,Non Harmful,Harmful,Harmful,1,0,0,0,0,0,0,1,1,1
165,y3h9xu.jpg,No,,,,0,0,0,0,0,0,0,0,0,0
166,y59042.jpg,Yes,Non Harmful,Non Harmful,Non Harmful,0,0,0,0,0,0,0,0,0,0
167,y3409u.jpg,Yes,Non Harmful,Non Harmful,Non Harmful,0,0,0,0,0,0,0,0,0,0
168,y32nih.jpg,Yes,Non Harmful,Harmful,Non Harmful,0,0,0,0,0,0,0,0,0,0
169,y40ied.jpg,No,,,,0,0,0,0,0,0,0,0,0,0
170,y30kmq.jpg,Yes,Non Harmful,Non Harmful,Non Harmful,0,0,0,0,0,0,0,0,0,0
171,y42r27.jpg,Yes,Non Harmful,Harmful,Harmful,0,0,0,1,0,0,0,0,0,1
172,y42p8r.jpg,Yes,Non Harmful,Non Harmful,Non Harmful,0,0,0,0,0,0,0,0,0,0
173,y3dqjh.jpg,Yes,Non Harmful,Non Harmful,Harmful,1,0,1,0,0,0,0,0,0,0
174,y3pt5l.jpg,Yes,Harmful,Non Harmful,Harmful,0,0,0,0,0,0,0,0,1,0
175,y3vzpb.jpg,Yes,Non Harmful,Mark For Review,Mark For Review,1,0,1,0,0,0,0,0,0,0
176,y3p3ab.jpg,Yes,Non Harmful,Non Harmful,Non Harmful,0,0,0,0,0,0,0,0,0,0
177,y3hgn3.jpg,No,,,,0,0,0,0,0,0,0,0,0,0
178,y40eze.jpg,Yes,Non Harmful,Non Harmful,Non Harmful,0,0,0,0,0,0,0,0,0,0
179,y3jmy7.jpg,Yes,Non Harmful,Harmful,Harmful,0,0,0,1,1,0,0,0,0,0
180,y418i5.jpg,Yes,Non Harmful,Non Harmful,Non Harmful,0,0,0,0,0,0,0,0,0,0
181,y3ygq2.jpg,Yes,Non Harmful,Non Harmful,Non Harmful,0,0,0,0,0,0,0,0,0,0
182,y4cidy.jpg,Yes,Non Harmful,Non Harmful,Non Harmful,0,0,0,0,0,0,0,0,0,0
183,y4cy68.jpg,Yes,Non Harmful,Non Harmful,Non Harmful,0,0,0,0,0,0,0,0,0,0
184,y3tapr.jpg,Yes,Non Harmful,Non Harmful,Non Harmful,0,0,0,0,0,0,0,0,0,0
185,y40sqt.jpg,Yes,Non Harmful,Non Harmful,Harmful,0,0,0,0,1,0,0,0,0,0
186,y3qw9e.jpg,Yes,Non Harmful,Non Harmful,Non Harmful,0,0,0,0,0,0,0,0,0,0
187,y4bz65.jpg,Yes,Harmful,Non Harmful,Harmful,1,0,0,0,0,0,0,1,0,1
188,y427ep.jpg,Yes,Harmful,Non Harmful,Harmful,0,1,0,1,0,0,0,0,1,0
189,y41iio.jpg,Yes,Non Harmful,Non Harmful,Mark For Review,0,0,0,0,0,0,0,0,0,1
190,y4fk61.jpg,Yes,Non Harmful,Non Harmful,Non Harmful,0,0,0,0,0,0,0,0,0,0
191,y454ze.jpg,Yes,Non Harmful,Non Harmful,Non Harmful,0,0,0,0,0,0,0,0,0,0
192,y46w4b.jpg,Yes,Non Harmful,Non Harmful,Non Harmful,0,0,0,0,0,0,0,0,0,0
193,y47se3.jpg,Yes,Non Harmful,Non Harmful,Non Harmful,0,0,0,0,0,0,0,0,0,0
194,y3w6he.jpg,Yes,Non Harmful,Harmful,Harmful,0,0,0,1,0,0,0,0,1,1
195,y441v9.jpg,Yes,Non Harmful,Non Harmful,Non Harmful,0,0,0,0,0,0,0,0,0,0
196,y4cn4v.jpg,Yes,Non Harmful,Non Harmful,Non Harmful,0,0,0,0,0,0,0,0,0,0
197,y4vl26.jpg,Yes,Non Harmful,Harmful,Harmful,0,0,0,1,0,0,0,0,1,0
198,y4ryf2.jpg,Yes,Non Harmful,Non Harmful,Non Harmful,0,0,0,0,0,0,0,0,0,0
199,y4rtes.jpg,Yes,Non Harmful,Non Harmful,Non Harmful,0,0,0,0,0,0,0,0,0,0
200,y4zt99.jpg,Yes,Non Harmful,Non Harmful,Non Harmful,0,0,0,0,0,0,0,0,0,0
201,y4o5nd.jpg,Yes,Non Harmful,Non Harmful,Non Harmful,0,0,0,0,0,0,0,0,0,0
202,y4wylp.jpg,Yes,Harmful,Mark For Review,Harmful,0,0,0,0,1,0,1,1,0,0
203,y4v5bs.jpg,Yes,Non Harmful,Mark For Review,Non Harmful,0,0,0,0,0,0,0,0,0,0
204,y4sejl.jpg,Yes,Non Harmful,Non Harmful,Non Harmful,0,0,0,0,0,0,0,0,0,0
205,y4r572.jpg,Yes,Non Harmful,Non Harmful,Non Harmful,0,0,0,0,0,0,0,0,0,0
206,y4ymnm.jpg,Yes,Non Harmful,Non Harmful,Non Harmful,0,0,0,0,0,0,0,0,0,0
207,y4ox0v.jpg,Yes,Non Harmful,Non Harmful,Non Harmful,0,0,0,0,0,0,0,0,0,0
208,y4vs2a.jpg,Yes,Harmful,Non Harmful,Harmful,0,0,0,0,0,0,0,0,1,0
209,y4nrob.jpg,Yes,Harmful,Non Harmful,Harmful,0,0,0,0,0,0,0,0,1,0
210,y4asbi.jpg,No,,,,0,0,0,0,0,0,0,0,0,0
211,y52wvd.jpg,Yes,Non Harmful,Non Harmful,Non Harmful,0,0,0,0,0,0,0,0,0,0
212,y4x6rk.jpg,Yes,Non Harmful,Non Harmful,Non Harmful,0,0,0,0,0,0,0,0,0,0
213,y4k7vz.jpg,Yes,Non Harmful,Non Harmful,Non Harmful,0,0,0,0,0,0,0,0,0,0
214,y4zs1d.jpg,Yes,Non Harmful,Non Harmful,Non Harmful,0,0,0,0,0,0,0,0,0,0
215,y4tcbj.jpg,No,,,,0,0,0,0,0,0,0,0,0,0
216,y52kug.jpg,Yes,Non Harmful,Non Harmful,Non Harmful,0,0,0,0,0,0,0,0,0,0
217,y5awt2.jpg,Yes,Non Harmful,Non Harmful,Non Harmful,0,0,0,0,0,0,0,0,0,0
218,y598v4.jpg,Yes,Non Harmful,Non Harmful,Harmful,0,1,0,0,0,0,0,0,0,0
219,y55h9i.jpg,Yes,Non Harmful,Non Harmful,Non Harmful,0,0,0,0,0,0,0,0,0,0
220,y4o6gw.jpg,Yes,Non Harmful,Harmful,Harmful,0,0,0,0,1,0,0,1,0,0
221,y5aed4.jpg,Yes,Non Harmful,Harmful,Harmful,1,0,0,0,0,0,0,0,0,0
222,y5hta9.jpg,Yes,Harmful,Non Harmful,Harmful,1,0,0,0,0,0,0,1,0,0
223,y5bfgf.jpg,Yes,Non Harmful,Non Harmful,Non Harmful,0,0,0,0,0,0,0,0,0,0
224,y4vskz.jpg,Yes,Non Harmful,Non Harmful,Non Harmful,0,0,0,0,0,0,0,0,0,0
225,y6f2hs.jpg,Yes,Non Harmful,Non Harmful,Non Harmful,0,0,0,0,0,0,0,0,0,0
226,y566v6.jpg,Yes,Non Harmful,Non Harmful,Non Harmful,0,0,0,0,0,0,0,0,0,0
227,y6b1nc.jpg,Yes,Non Harmful,Non Harmful,Non Harmful,0,0,0,0,0,0,0,0,0,0
228,y5kd67.jpg,Yes,Non Harmful,Non Harmful,Non Harmful,0,0,0,0,0,0,0,0,0,0
229,y61ih2.jpg,Yes,Non Harmful,Non Harmful,Non Harmful,0,0,0,0,0,0,0,0,0,0
230,y620r1.jpg,Yes,Non Harmful,Non Harmful,Non Harmful,0,0,0,0,0,0,0,0,0,0
231,y62bil.jpg,Yes,Non Harmful,Non Harmful,Non Harmful,0,0,0,0,0,0,0,0,0,0
232,y5gmqu.jpg,Yes,Harmful,Non Harmful,Harmful,1,0,0,0,0,0,0,1,0,1
233,y5tn1n.jpg,Yes,Non Harmful,Non Harmful,Non Harmful,0,0,0,0,0,0,0,0,0,0
234,y67vld.jpg,Yes,Non Harmful,Severely Harmful,Severely Harmful,1,0,0,1,0,0,0,1,1,0
235,y5zcp7.jpg,Yes,Non Harmful,Non Harmful,Non Harmful,0,0,0,0,0,0,0,0,0,0
236,y5xl8q.jpg,Yes,Non Harmful,Non Harmful,Non Harmful,0,0,0,0,0,0,0,0,0,0
237,y5ldeq.jpg,Yes,Non Harmful,Harmful,Harmful,1,0,0,0,1,0,0,0,0,0
238,y697tt.jpg,Yes,Non Harmful,Non Harmful,Non Harmful,0,0,0,0,0,0,0,0,0,0
239,y5ms2z.jpg,Yes,Non Harmful,Non Harmful,Harmful,1,0,0,0,0,0,0,0,1,0
240,y65r9v.jpg,Yes,Non Harmful,Non Harmful,Non Harmful,0,0,0,0,0,0,0,0,0,0
241,f065gy.jpg,Yes,Non Harmful,Non Harmful,Non Harmful,0,0,0,0,0,0,0,0,0,0
242,f0zydu.jpg,Yes,Non Harmful,Non Harmful,Non Harmful,0,0,0,0,0,0,0,0,0,0
243,f15o23.jpg,Yes,Non Harmful,Mark For Review,Mark For Review,0,0,0,1,1,0,0,0,0,0
244,f3uvpn.jpg,No,,,,0,0,0,0,0,0,0,0,0,0
245,f54fjo.jpg,Yes,Non Harmful,Non Harmful,Non Harmful,0,0,0,0,0,0,0,0,0,0
246,f5frdl.jpg,Yes,Harmful,Non Harmful,Non Harmful,0,0,0,0,0,0,0,0,0,0
247,f69n9y.jpg,Yes,Non Harmful,Non Harmful,Non Harmful,0,0,0,0,0,0,0,0,0,0
248,f794pr.jpg,Yes,Non Harmful,Non Harmful,Non Harmful,0,0,0,0,0,0,0,0,0,0
249,f6qgsp.jpg,Yes,Non Harmful,Non Harmful,Non Harmful,0,0,0,0,0,0,0,0,0,0
250,f7qec8.jpg,Yes,Non Harmful,Harmful,Harmful,0,0,0,1,1,0,0,0,1,1
251,f7q6ds.jpg,Yes,Non Harmful,Non Harmful,Non Harmful,0,0,0,0,0,0,0,0,0,0
252,f8ozom.jpg,No,,,,0,0,0,0,0,0,0,0,0,0
253,f8rs1p.jpg,Yes,Non Harmful,Non Harmful,Non Harmful,0,0,0,0,0,0,0,0,0,0
254,f9hn5i.jpg,Yes,Severely Harmful,Harmful,Severely Harmful,0,0,0,1,0,0,0,0,1,0
255,f98ray.jpg,Yes,Non Harmful,Non Harmful,Non Harmful,0,0,0,0,0,0,0,0,0,0
256,fdcjac.jpg,Yes,Harmful,Harmful,Harmful,0,0,0,1,0,0,0,0,1,1
257,fim0qh.jpg,No,,,,0,0,0,0,0,0,0,0,0,0
258,flnuhi.jpg,Yes,Non Harmful,Non Harmful,Non Harmful,0,0,0,0,0,0,0,0,0,0
259,fp4etb.jpg,Yes,Non Harmful,Non Harmful,Non Harmful,0,0,0,0,0,0,0,0,0,0
260,flngg7.jpg,No,,,,0,0,0,0,0,0,0,0,0,0
261,fqego2.jpg,Yes,Non Harmful,Non Harmful,Non Harmful,0,0,0,0,0,0,0,0,0,0
262,fugyww.jpg,Yes,Harmful,Non Harmful,Harmful,0,0,0,1,0,0,0,0,1,0
263,g55f4o.jpg,Yes,Non Harmful,Non Harmful,Non Harmful,0,0,0,0,0,0,0,0,0,0
264,g6whc2.jpg,Yes,Non Harmful,Non Harmful,Non Harmful,0,0,0,0,0,0,0,0,0,0
265,g59nqc.jpg,No,,,,0,0,0,0,0,0,0,0,0,0
266,g54asz.jpg,Yes,Non Harmful,Non Harmful,Non Harmful,0,0,0,0,0,0,0,0,0,0
267,g8lf8o.jpg,No,,,,0,0,0,0,0,0,0,0,0,0
268,g7o6kr.jpg,Yes,Non Harmful,Non Harmful,Non Harmful,0,0,0,0,0,0,0,0,0,0
269,g93qxs.jpg,Yes,Non Harmful,Harmful,Harmful,0,0,0,1,0,0,0,0,0,0
270,ga5elp.jpg,Yes,Mark For Review,Non Harmful,Mark For Review,0,0,0,0,1,0,0,1,1,0
271,gc0r7q.jpg,No,,,,0,0,0,0,0,0,0,0,0,0
272,gaq5cp.jpg,No,,,,0,0,0,0,0,0,0,0,0,0
273,gdluze.jpg,Yes,Non Harmful,Mark For Review,Mark For Review,0,0,0,0,0,0,0,1,0,1
274,gcqweg.jpg,Yes,Non Harmful,Non Harmful,Non Harmful,0,0,0,0,0,0,0,0,0,0
275,gdwg6i.jpg,Yes,Non Harmful,Non Harmful,Non Harmful,0,0,0,0,0,0,0,0,0,0
276,ge8cn9.jpg,No,,,,0,0,0,0,0,0,0,0,0,0
277,gesd4s.jpg,Yes,Harmful,Harmful,Harmful,0,0,0,0,0,0,0,0,1,0
278,gf3iso.jpg,Yes,Non Harmful,Non Harmful,Non Harmful,0,0,0,0,0,0,0,0,0,0
279,gg2esy.jpg,Yes,Non Harmful,Harmful,Harmful,0,0,0,1,0,0,0,0,0,0
280,gff1nt.jpg,Yes,Harmful,Non Harmful,Harmful,0,1,0,1,0,0,0,0,0,0
281,ggjzww.jpg,Yes,Non Harmful,Non Harmful,Non Harmful,0,0,0,0,0,0,0,0,0,0
282,ggmcza.jpg,Yes,Non Harmful,Non Harmful,Harmful,0,0,0,1,0,0,0,0,0,0
283,gh27hu.jpg,Yes,Mark For Review,Mark For Review,Harmful,0,0,0,1,1,0,0,0,0,0
284,ghbl9o.jpg,Yes,Mark For Review,Non Harmful,Mark For Review,0,0,0,1,0,0,0,0,0,0
285,ghvsxg.jpg,Yes,Non Harmful,Non Harmful,Non Harmful,0,0,0,0,0,0,0,0,0,0
286,ghtc0p.jpg,Yes,Harmful,Non Harmful,Harmful,0,1,0,1,0,0,0,0,0,0
287,gi2zji.jpg,Yes,Mark For Review,Harmful,Harmful,0,0,0,1,1,0,0,0,0,0
288,gime1h.jpg,Yes,Non Harmful,Mark For Review,Mark For Review,0,0,0,1,0,0,0,0,0,0
289,gi9qmj.jpg,Yes,Non Harmful,Non Harmful,Non Harmful,0,0,0,0,0,0,0,0,0,0
290,giofg3.jpg,Yes,Non Harmful,Non Harmful,Non Harmful,0,0,0,0,0,0,0,0,0,0
291,giqn4a.jpg,Yes,Non Harmful,Harmful,Harmful,0,0,0,1,0,0,0,0,0,0
292,giw6wf.jpg,Yes,Non Harmful,Non Harmful,Non Harmful,0,0,0,0,0,0,0,0,0,0
293,gkgtqb.jpg,No,,,,0,0,0,0,0,0,0,0,0,0
294,gmftwn.jpg,No,,,,0,0,0,0,0,0,0,0,0,0
295,gmy68b.jpg,No,,,,0,0,0,0,0,0,0,0,0,0
296,gox7lb.jpg,Yes,Harmful,Non Harmful,Harmful,0,0,0,1,0,0,0,0,1,1
297,gopm18.jpg,No,,,,0,0,0,0,0,0,0,0,0,0
298,gp4a3u.jpg,Yes,Non Harmful,Non Harmful,Mark For Review,0,0,0,1,0,0,0,0,0,0
299,gpdolh.jpg,Yes,Non Harmful,Harmful,Harmful,0,0,0,1,1,0,1,0,0,0
300,gqck16.jpg,No,,,,0,0,0,0,0,0,0,0,0,0
301,gpytqt.jpg,No,,,,0,0,0,0,0,0,0,0,0,0
302,gr6euo.jpg,Yes,Non Harmful,Non Harmful,Non Harmful,0,0,0,0,0,0,0,0,0,0
303,gqjapv.jpg,Yes,Non Harmful,Non Harmful,Harmful,0,0,0,1,0,0,0,0,0,0
304,gs4d8n.jpg,Yes,Non Harmful,Harmful,Harmful,1,0,0,1,0,0,0,0,0,0
305,guf7wd.jpg,Yes,Harmful,Harmful,Harmful,1,0,0,0,1,0,0,1,0,0
306,gsw0qa.jpg,Yes,Non Harmful,Harmful,Harmful,1,1,0,1,1,0,0,1,0,0
307,gurxvm.jpg,Yes,Harmful,Harmful,Harmful,0,0,0,0,1,0,0,0,1,0
308,gv3iqh.jpg,Yes,Non Harmful,Harmful,Harmful,0,0,0,0,1,0,0,1,1,0
309,gvdry8.jpg,No,,,,0,0,0,0,0,0,0,0,0,0
310,guyk9q.jpg,No,,,,0,0,0,0,0,0,0,0,0,0
311,gw0euv.jpg,Yes,Non Harmful,Harmful,Harmful,0,0,0,0,1,0,0,1,0,0
312,gvza5o.jpg,Yes,Harmful,Harmful,Harmful,0,1,0,1,1,0,0,1,1,0
313,gwe3vo.jpg,Yes,Non Harmful,Non Harmful,Non Harmful,0,0,0,0,0,0,0,0,0,0
314,gwk4e2.jpg,No,,,,0,0,0,0,0,0,0,0,0,0
315,gwrkcb.jpg,No,,,,0,0,0,0,0,0,0,0,0,0
316,gwoctv.jpg,Yes,Non Harmful,Harmful,Mark For Review,0,0,0,1,1,0,0,1,0,0
317,gxf9yi.jpg,Yes,Non Harmful,Harmful,Harmful,0,1,0,1,1,0,1,1,0,0
318,gwzbxl.jpg,Yes,Harmful,Non Harmful,Harmful,0,0,0,0,1,0,0,0,1,1
319,gy7bkf.jpg,No,,,,0,0,0,0,0,0,0,0,0,0
320,gy4wgh.jpg,No,,,,0,0,0,0,0,0,0,0,0,0
321,gy5rne.jpg,Yes,Non Harmful,Harmful,Harmful,0,0,0,0,1,0,0,1,1,0
322,gz6iha.jpg,No,,,,0,0,0,0,0,0,0,0,0,0
323,gy7dvc.jpg,Yes,Non Harmful,Non Harmful,Non Harmful,0,0,0,0,0,0,0,0,0,0
324,gzczn1.jpg,No,,,,0,0,0,0,0,0,0,0,0,0
325,h8zadf.jpg,Yes,Non Harmful,Mark For Review,Mark For Review,0,0,0,0,0,0,0,0,0,1
326,h95amj.jpg,No,,,,0,0,0,0,0,0,0,0,0,0
327,h9qir1.jpg,Yes,Non Harmful,Non Harmful,Non Harmful,0,0,0,0,0,0,0,0,0,0
328,h9sq8c.jpg,Yes,Non Harmful,Non Harmful,Non Harmful,0,0,0,0,0,0,0,0,0,0
329,h9nk0f.jpg,No,,,,0,0,0,0,0,0,0,0,0,0
330,hboqrw.jpg,Yes,Mark For Review,Non Harmful,Non Harmful,0,0,0,0,0,0,0,0,0,0
331,hadfpw.jpg,No,,,,0,0,0,0,0,0,0,0,0,0
332,hf0eaq.jpg,No,,,,0,0,0,0,0,0,0,0,0,0
333,hehxl4.jpg,Yes,Non Harmful,Harmful,Harmful,0,0,0,0,0,0,0,0,1,1
334,hhl40m.jpg,No,,,,0,0,0,0,0,0,0,0,0,0
335,hihciy.jpg,Yes,Non Harmful,Non Harmful,Non Harmful,0,0,0,0,0,0,0,0,0,0
336,hit0h9.jpg,Yes,Harmful,Non Harmful,Harmful,0,0,0,0,0,0,0,0,1,0
337,hl3w6p.jpg,Yes,Mark For Review,Mark For Review,Mark For Review,0,0,0,0,0,0,0,0,1,0
338,hjdiud.jpg,Yes,Non Harmful,Non Harmful,Non Harmful,0,0,0,0,0,0,0,0,0,0
339,hlr31h.jpg,No,,,,0,0,0,0,0,0,0,0,0,0
340,hn5ahd.jpg,No,,,,0,0,0,0,0,0,0,0,0,0
341,hpcc6v.jpg,Yes,Non Harmful,Non Harmful,Non Harmful,0,0,0,0,0,0,0,0,0,0
342,hsq96r.jpg,Yes,Non Harmful,Non Harmful,Non Harmful,0,0,0,0,0,0,0,0,0,0
343,hu3m7y.jpg,No,,,,0,0,0,0,0,0,0,0,0,0
344,ht01mo.jpg,Yes,Non Harmful,Harmful,Harmful,0,0,0,1,0,0,0,0,0,0
345,hu8d9n.jpg,No,,,,0,0,0,0,0,0,0,0,0,0
346,hvhkmy.jpg,No,,,,0,0,0,0,0,0,0,0,0,0
347,hv1g0a.jpg,Yes,Non Harmful,Mark For Review,Mark For Review,0,0,0,0,0,0,0,0,0,1
348,hxi4vx.jpg,Yes,Non Harmful,Non Harmful,Non Harmful,0,0,0,0,0,0,0,0,0,0
349,hwr6r8.jpg,Yes,Non Harmful,Non Harmful,Non Harmful,0,0,0,0,0,0,0,0,0,0
350,hxos72.jpg,Yes,Non Harmful,Non Harmful,Non Harmful,0,0,0,0,0,0,0,0,0,0
351,hy9k9w.jpg,Yes,Non Harmful,Non Harmful,Non Harmful,0,0,0,0,0,0,0,0,0,0
352,hztv2v.jpg,No,,,,0,0,0,0,0,0,0,0,0,0
353,i0o963.jpg,Yes,Non Harmful,Non Harmful,Non Harmful,0,0,0,0,0,0,0,0,0,0
354,i21s9m.jpg,Yes,Non Harmful,Non Harmful,Non Harmful,0,0,0,0,0,0,0,0,0,0
355,i3x9ux.jpg,No,,,,0,0,0,0,0,0,0,0,0,0
356,i34ofc.jpg,Yes,Non Harmful,Non Harmful,Non Harmful,0,0,0,0,0,0,0,0,0,0
357,i6yclv.jpg,No,,,,0,0,0,0,0,0,0,0,0,0
358,i4j81e.jpg,No,,,,0,0,0,0,0,0,0,0,0,0
359,i7ndsr.jpg,No,,,,0,0,0,0,0,0,0,0,0,0
360,i7d74a.jpg,Yes,Non Harmful,Non Harmful,Non Harmful,0,0,0,0,0,0,0,0,0,0
361,i8xfig.jpg,Yes,Non Harmful,Non Harmful,Non Harmful,0,0,0,0,0,0,0,0,0,0
362,i838me.jpg,Yes,Non Harmful,Harmful,Harmful,1,0,0,1,0,0,0,0,0,0
363,i8tfac.jpg,No,,,,0,0,0,0,0,0,0,0,0,0
364,i9c9g6.jpg,Yes,Non Harmful,Non Harmful,Non Harmful,0,0,0,0,0,0,0,0,0,0
365,ict1m1.jpg,Yes,Non Harmful,Non Harmful,Harmful,0,0,0,1,0,0,0,0,0,0
366,ig4kwn.jpg,Yes,Non Harmful,Non Harmful,Non Harmful,0,0,0,0,0,0,0,0,0,0
367,ij0idv.jpg,Yes,Non Harmful,Non Harmful,Non Harmful,0,0,0,0,0,0,0,0,0,0
368,iimu9q.jpg,Yes,Non Harmful,Non Harmful,Non Harmful,0,0,0,0,0,0,0,0,0,0
369,iji2j6.jpg,Yes,Harmful,Non Harmful,Harmful,0,1,0,1,1,0,0,1,0,0
370,ijobly.jpg,Yes,Non Harmful,Non Harmful,Non Harmful,0,0,0,0,0,0,0,0,0,0
371,ikcyiy.jpg,Yes,Harmful,Non Harmful,Harmful,0,0,0,0,0,0,0,0,1,0
372,im6fx6.jpg,Yes,Non Harmful,Non Harmful,Non Harmful,0,0,0,0,0,0,0,0,0,0
373,io9wfb.jpg,Yes,Non Harmful,Non Harmful,Non Harmful,0,0,0,0,0,0,0,0,0,0
374,inq9xp.jpg,Yes,Non Harmful,Harmful,Non Harmful,0,0,0,0,0,0,0,0,0,0
375,iodw36.jpg,Yes,Non Harmful,Harmful,Harmful,0,0,0,1,1,0,0,0,0,1
376,ioceeu.jpg,Yes,Non Harmful,Non Harmful,Non Harmful,0,0,0,0,0,0,0,0,0,0
377,ipmo7o.jpg,Yes,Non Harmful,Non Harmful,Non Harmful,0,0,0,0,0,0,0,0,0,0
378,iqemc8.jpg,Yes,Non Harmful,Non Harmful,Non Harmful,0,0,0,0,0,0,0,0,0,0
379,ipuuzu.jpg,Yes,Non Harmful,Non Harmful,Non Harmful,0,0,0,0,0,0,0,0,0,0
380,irhf0u.jpg,No,,,,0,0,0,0,0,0,0,0,0,0
381,iswpde.jpg,Yes,Non Harmful,Non Harmful,Non Harmful,0,0,0,0,0,0,0,0,0,0
382,is8xq5.jpg,Yes,Non Harmful,Non Harmful,Non Harmful,0,0,0,0,0,0,0,0,0,0
383,itlul7.jpg,Yes,Non Harmful,Non Harmful,Non Harmful,0,0,0,0,0,0,0,0,0,0
384,itp7jh.jpg,Yes,Non Harmful,Non Harmful,Non Harmful,0,0,0,0,0,0,0,0,0,0
385,iu2xln.jpg,No,,,,0,0,0,0,0,0,0,0,0,0
386,iveim5.jpg,Yes,Non Harmful,Non Harmful,Non Harmful,0,0,0,0,0,0,0,0,0,0
387,iwj01o.jpg,Yes,Non Harmful,Non Harmful,Non Harmful,0,0,0,0,0,0,0,0,0,0
388,iwntxt.jpg,No,,,,0,0,0,0,0,0,0,0,0,0
389,ix13sm.jpg,Yes,Non Harmful,Non Harmful,Non Harmful,0,0,0,0,0,0,0,0,0,0
390,iwj0xw.jpg,Yes,Non Harmful,Harmful,Harmful,0,0,0,0,0,0,0,1,1,1
